id;name;disambiguatingDescription;description;longitude;latitude;streetAddress;postalCode;addressLocality;telephone;email;url;image;dateModified0071c72a-ce5e-4c5d-bfde-1ab68af5d039;Textilmuseum St.Gallen;Das Textilmuseum wurde 1878 als Plattform für die Ausbildung von Entwerfern, die Präsentation ästhetischer Innovationen sowie die Inspiration durch Designs geschaffen. Heute beherbergt es eine international einzigartige Sammlung von 30'000 Exponaten.;Geschichte:
Seit 1863 erwarb das Kaufmännische Directorium St.Gallen regelmässig Stoffmuster aus aller Welt und legte diese in einem Musterzimmer zur Ansicht auf. 1878 wurde schliesslich das Industrie- und Gewerbemuseum gegründet. Damit entstand das Bedürfnis nach einem eigenen Gebäude.

Architektur:
1886 war das Museum bezugsbereit. Der viergeschossige Backsteinbau ist 40 Meter lang und beginnt mit dem Hochparterre auf einem halbgeschossigen Granitsockel. Die vierte Etage ist hinter dem Dachgesims zurückversetzt und betont so die Turmform des Gebäudes.

Heutige Nutzung:
Auch heute noch ist das Textilmuseum eine lebendige Plattform für historisches wie auch innovatives Textildesign. Denn Geschmack und Geschmacksbildung stellen in einem Land wie der Schweiz – ohne Bodenschätze oder klimatische Privilegien – einen zentralen volkswirtschaftlichen Nutzen dar.;9.37364;47.42334;Vadianstrasse 2;9000;St. Gallen;+41 71 228 00 17;sgross@textilmuseum.ch;https://www.textilmuseum.ch/;[{'@type': 'ImageObject', 'contentUrl': 'https://sgbtpimtsoch.sos-ch-dk-2.exoscale-cdn.com/catalog/9/8/6/2/986299a36f540bc91b5bfa8841241517abc17c2f_Textilmuseum_NeueStoffe_2__c_JZuercher.jpg'}];2026-06-01T14:45:11+02:00
02b626ec-f4b7-4b1e-930d-14c6a456fba5;Spielplatz Ermenswil;Abwechslungsreiches Spielparadies;<p>Der Spielplatz Ermenswil wurde als Ort der Begegnung geschaffen und bietet Kindern eine ideale Möglichkeit, sich abseits von allem Verkehr bei Spiel und Sport zu vergnügen. Die Feuerstelle lädt zum verweilen ein.</p><p></p><p><strong>Ausstattung:</strong></p><ul><li>0–5 Jahre</li><li>5–12 Jahre</li><li>Barrierefrei</li><li>Feuerstelle</li><li>Picknick-Platz</li><li>Rauchfrei</li></ul>;8.88749957084656;47.24389347936932;Diemrütistrasse;8734;Ermenswil;+41 55 286 15 15;liegenschaften@eschenbach.ch;[{'@type': 'ImageObject', 'contentUrl': 'https://sgbtpimtsoch.sos-ch-dk-2.exoscale-cdn.com/catalog/e/b/4/0/eb4065ed254cca0072f7dd88ae151e18f052a621_Spielplatz_Ermenswil_2014.JPG', 'caption': {'de': 'Spielplatz Ermenswil'}}];2026-06-15T18:27:56+02:00
03139e0b-89de-4fc8-b77c-4d091aafbdbf;Grabenpärkli;Der Park mit dem knallroten Fass ;Gleich in der Nähe des Bahnhofs St.Gallen befindet sich das kleine aber feine Grabenpärkli. Parkbänke säumen die schönen Blumenbeete und laden zum Verweilen ein. Der eigentliche Hingucker ist die Skulptur des bedeutenden Spreng- und Explosionskünstlers Roman Signer. Aus einem knallroten Fass klatscht ein starker, satter Wasserstrahl auf den Boden. ;9.373902082443239;47.424704688926056;Am Pärkli;9000;St. Gallen;[{'@type': 'ImageObject', 'contentUrl': 'https://sgbtpimtsoch.sos-ch-dk-2.exoscale-cdn.com/catalog/5/5/0/6/5506e09ce0ee7c670552953a61869bb64670ef3d_Photokleinformat_3_2_P__rkli_St.Gallen.jpg'}];2026-03-04T08:31:28+01:00
03869b7d-2902-4428-8595-6fbc70442027;Kulturfabrik Industrie36;Die Kulturfabrik Industrie36 ist Rorschachs communitygetragener Live- und Kulturort für hochwertige Konzerte und besondere Begegnungen in authentischer Industrieatmosphäre.;<p>Mitten in Rorschach am Bodensee verbindet die Kulturfabrik Industrie36 authentische Industrieatmosph&auml;re mit professioneller Veranstaltungstechnik und besonderer Clubn&auml;he. Zentral und dennoch &laquo;ab vom Schuss&raquo; gelegen, ist sie mit &Ouml;V und Auto sehr gut erreichbar und bietet grossz&uuml;gige Parkm&ouml;glichkeiten. Das Rorschacher Seeufer mit Hafen, Seepark und W&uuml;rth Haus liegt in der n&auml;heren Umgebung; Schiffsausfl&uuml;ge auf dem Bodensee oder die Zahnradbahn Richtung Heiden bieten attraktive M&ouml;glichkeiten, einen Veranstaltungsbesuch mit einem Ausflug zu verbinden.</p>;9.4823652;47.4753229;Industriestrasse 36B;9400;Rorschach;+41792132338;kontakt@kulturfabrik.ro;https://www.industrie36.events;[{'@type': 'ImageObject', 'contentUrl': 'https://sgbtpimtsoch.sos-ch-dk-2.exoscale-cdn.com/catalog/4/c/8/3/4c83e89c0de9e57a72c29d3e3eb0fe3c46957db8_i36_92_konzert_2.JPEG'}];2026-08-25T14:44:38+02:00
05bc91d7-9d55-41ec-9a7a-b6d4ff85d2d3;Hof zu Wil;Der Hof zu Wil, ursprünglich als Wehranlage der Grafen von Toggenburg errichtet, gilt als Wahrzeichen der Stadt.;<p>Der Hof zu Wil mit Sitz in der Wiler Altstadt ist ein Kulturdenkmal von nationaler historischer Bedeutung und blickt auf eine mehr als 800-j&auml;hrige Geschichte zur&uuml;ck.</p><p>Heute ist der Hof zu Wil ein Ort des gesellschaftlichen und kulturellen Lebens. Die Nutzung ist vielseitig:&nbsp;</p><ul><li>Museale Inszenierung in den <a href="https://hofzuwil.ch/hofwelten/" target="_blank" rel="noopener">Hofwelten</a></li><li>Tradition und Genuss in der <a href="https://hofzuwil.ch/gastronomie/" target="_blank" rel="noopener">Gastronomie Hof zu Wil</a></li><li>Schlafen wie ein F&uuml;rstabt in der <a href="https://hofzuwil.ch/#stopscroll-4" target="_blank" rel="noopener">Hofherberge</a> (ab Herbst 2026)</li><li><a href="https://hofzuwil.ch/business/" target="_blank" rel="noopener">Coworking</a> in den F&uuml;rstabtlogen</li></ul><p>Auch das touristische Info-Center sowie die &ouml;rtliche Bibliothek befinden sich im historischen Geb&auml;ude. Weitere Informationen sind&nbsp; <a href="https://hofzuwil.ch/" target="_blank" rel="noopener">hier</a> ersichtlich.&nbsp;</p>;9.04999;47.46762;Marktgasse 88;9500;Wil SG;+41 71 913 87 07;hofleitung@hofzuwil.ch;https://hofzuwil.ch;[{'@type': 'ImageObject', 'contentUrl': 'https://sgbtpimtsoch.sos-ch-dk-2.exoscale-cdn.com/catalog/4/a/7/2/4a726513d7928c68203c66d5862d6c69cd19c119_4___Hof_zu_Wil_290925__3.jpg'}];2026-08-27T09:07:38+02:00
0b6dd180-ecf3-4fd8-9323-65d3044b519e;Zeppelin Museum Friedrichshafen;Kunst trifft Technik am Ufer des Bodensees;Im denkmalgeschützten Gebäude des Hafenbahnhofs vereint das Zeppelin Museum Friedrichshafen die weltweit bedeutendste Sammlung zur Luftschifffahrt mit einer Kunstsammlung, die die großen Meister aus Süddeutschland vom Mittelalter bis zur Neuzeit umfasst. Rund 1.500 Exponate auf über 4.000 Quadratmetern Fläche umfassen einzigartige Objekte – nicht nur für Zeppelin-Liebhaber. Zu den Highlights zählen die begehbaren Passagierräume der LZ 129 Hindenburg im originalgetreuen, rund 33 Meter langen Nachbau, eine Wunderkammer zum Kultobjekt Zeppelin sowie Experimentierstationen, die das Prinzip „Leichter als Luft“ für Groß und Klein versteh- und mittels eines Flugsimulators erlebbar machen.

Fragmente der Luftschiffe wie Gerippe, Propeller, Gondeln, Höhenmotoren oder Getriebe sind neben historischen Ton-, Film- und Bildaufnahmen, Zeitungsartikeln und der Ausstattung der Luftschiffe zu sehen. Sie lassen multimedial aufleben, wer die Pioniere der Luftschifffahrt waren und erinnern an ihre größten Erfolge und die schrecklichsten Katastrophen. Außerdem beantworten sie die Frage, wie es Graf Zeppelin gelang, ein Luftschiff zu bauen, das fast viermal so groß ist wie ein Airbus, aber dennoch leichter als Luft und wie er die Stadt Friedrichshafen damit als Industriestandort nachhaltig prägte.

Einen besonderen Ausstellungsschwerpunkt bilden zudem Werke von Künstler*innen, die sich während der Zeit des Nationalsozialismus an den Bodensee in die „Innere Emigration“ zurückzogen, wie Otto Dix, Max Ackermann oder Willi Baumeister. In akribischer Forschungsarbeit begibt sich das Zeppelin Museum auf Spurensuche und arbeitet die Geschichten der Kunstwerke seiner Sammlung auf. Auf diese Weise macht es Schicksale von Sammler*innen sichtbar, von geraubten oder verlagerten Kunstwerken oder von Hetzaktionen der Nationalsozialist*innen gegen die Moderne Kunst.

Durch Wechselausstellungen zu gesellschaftlich aktuellen Themen spannt das Museum einen Bogen zur zeitgenössischen Kunst und bringt Kunst und Technik immer wieder aufs Neue in Dialog. Jeden Sonntag finden öffentliche Führungen durch die Ausstellungen statt, donnerstags sind Besucher*innen im OPEN HOUSE! zu kostenlosen Vorträgen, Lesungen und anderen Veranstaltungen eingeladen.

Zur Vor- und Nachbereitung bietet das Zeppelin Museum zahlreiche kostenlose, digitale Inhalte und Formate an: Die Digitale Sammlung und die Mediathek laden zum Stöbern ein, in der Podcastreihe ZM talks plaudern Mitarbeiter*innen aus dem Nähkästchen oder führen Gespräche mit Expert*innen zu aktuellen Themen, die ZeppApp bietet umfassende Informationen und Audioguides zu den Ausstellungen, die eigene Diskursplattform debatorial® lädt zum Austausch ein, der Museumsblog zum Lesen und die Profile auf den sozialen Netzwerken zu Interaktion und Storytelling.;9.4830611;47.6507925;Seestraße 22;88045;Friedrichshafen;+49 7541 3801-25;info@zeppelin-museum.de;https://www.zeppelin-museum.de/;[{'@type': 'ImageObject', 'contentUrl': 'https://sgbtpimtsoch.sos-ch-dk-2.exoscale-cdn.com/catalog/4/1/1/d/411d82b525537d967b39234fd270828c9cb2151f_Familie_Highres_49___DBT_Foto_Denger_ohne_Banner.png'}];2026-05-05T08:17:01+02:00
0bf04eb9-d23c-4b2e-9c8a-2ec1ec63c792;Festungsmuseum Heldsberg;Ein Ausflugserlebnis der besonderen Art, und das bei jeder Witterung.;Das Artilleriewerk Heldsberg war vom 2. Weltkrieg bis 1993 Teil der Grenzbefestigung im Rheintal. Durch seine Lage kontrollierte es mit seinen vier 7.5 cm Festungs-Geschützen im Norden das Südende des Bodensees und im Süden die Rheinübergänge im Rheintal bis Montlingen. Mit der Sperre am Stoss bei Altstätten wurde der Übergang ins Appenzellerland gesichert. Zum Angebot des Festungsmuseums Heldsberg gehört auch der eindrückliche, unterirdische Kommandobunker der Grenzbrigade 8, Haslen AI, der in über 30 Räumen die Zeit des „Kalten Krieges“ thematisiert.

In der Heldsbergstube und in der Soldatenstube „Kästlis“ Haslen, werden die Gäste mit Getränken und Speisen verwöhnt. Wechselnde Sonderausstellungen bereichern die militärhistorischen Museen.;9.643226599999934;47.4432905;Obere Heldsbergstrasse 5;9430;Sankt Margrethen;+41 71 733 40 31;info@festung.ch;http://www.festung.ch/;[{'@type': 'ImageObject', 'contentUrl': 'https://sgbtpimtsoch.sos-ch-dk-2.exoscale-cdn.com/catalog/8/f/1/b/8f1b87a0ff4aca7ef0b2b5845039793e8a4a0442_2021_07_31_Heldsberg_Ledermann__8_.JPG'}];2026-08-08T02:48:44+02:00
0c24bdec-9b04-4b12-898c-cc12cbbc8518;Kommandobunker Grenzbrigade 8;Der Kommandoposten Haslen wurde Anfang der 1960er-Jahre erbaut und diente der Schweizer Armee bis 1996 als Kommandostandort für die Grenzbrigade 8.;Die Anlage umfasst über 30 Büro- und Schlafräume, Maschinenraum, Telefonzentrale, Küche und Soldatenstube sowie weitere Nebenräume.

Zusammen mit vielen Angehörigen des letzten aktiven Brigadestabs und weiteren Helfern ist es gelungen, auf dem gesamten unteren Stock der Kaserne die Arbeit eines Brigadestabs während des Kalten Krieges nachzustellen und für den Besucher erklär- und erlebbar zu machen. Des weiteren ist der Kalte Krieg selbst Thema der Ausstellung und wird von verschiedenen Seiten beleuchtet.

Ausgestattete Mannschaftsunterkünfte, Bibliothek, ein aufwändiges Geländemodell (Rheinüberquerung der Amerikaner im 2. Weltkrieg), verschiedene Uniformen und natürlich auch der betriebsbereite Maschinenraum runden die vielfältigen Museumsräumlichkeiten ab.

Nach dem spannenden Rundgang steht die Soldatenstube für einen Apéro oder gar ein komplettes Essen zur Verfügung. Das Sekretariat gibt gerne weitere Auskünfte.;9.3720583;47.3577958;Vorderhaslen 9;9054;Schlatt-Haslen;+41 79 2626823;roland.lehner@festung.ch;http://www.festung.ch;[{'@type': 'ImageObject', 'contentUrl': 'https://sgbtpimtsoch.sos-ch-dk-2.exoscale-cdn.com/catalog/e/3/0/e/e30eeef829725349a124c92108d0eaf93b94223e_2022_Eingang_KP_Haslen__1__kompr.jpg'}];2026-04-28T15:36:16+02:00
100fcc79-3d2e-4f46-8c73-424a95248cfd;Appenzeller Brauchtumsmuseum;Das heimelige Museum befindet sich in einem über 400 Jahre alten, sonnengebräunten Appenzellerhaus.;Das Innere besticht aufgrund des Baukörpers, durch die heimelige Atmosphäre und durch die verwinkelten, niedrigen Räume mit den schrägen Holzböden. Es bietet Einblick in die bäuerliche Kultur des Appenzellerlandes, das damit verbundene Handwerk und das im Talkessel von Urnäsch tief in der Bevölkerung verwurzelte und bis heute lebendige Brauchtum. Im Mittelpunkt stehen die Silvesterchläuse, die Alpfahrt, das Sennenleben, die Bauernmalerei, das Wohnen und die Streichmusik. Auch althergebrachtes Handwerk hat seinen Platz.;9.282804;47.317324;Dorfplatz 6;9107;Urnäsch;+41 71 364 23 22;info@museum-urnaesch.ch;http://www.museum-urnaesch.ch/;[{'@type': 'ImageObject', 'contentUrl': 'https://sgbtpimtsoch.sos-ch-dk-2.exoscale-cdn.com/catalog/d/9/3/b/d93be5dc2cb8e125c7690904e265c281694e6367_16108_1060_komprimiert.jpg'}];2026-03-31T14:36:25+02:00
1939feb9-f820-40c4-a545-b7dff23845d4;Olma Messen St.Gallen;Die grösste Location in der Ostschweiz für Kongresse, Tagungen, Festlichkeiten und mehr.;Ob für eine Tagung mit 100 Personen, für ein Bankett mit 1000 Gästen, für einen Kongress mit 1500 oder eine GV mit 4000 Teilnehmern – Die Olma Messen St.Gallen bieten die passenden Räume mit modernster Infrastruktur und Veranstaltungstechnik – erstklassiges Catering inklusive. Die Hallen sind sehr beliebt als Locations für Events, Konzerte oder Musical-Produktionen. Jährlich zieht das Team der Olma Messen St.Gallen bei über 100 Veranstaltungen die Strippen hinter den Kulissen und schafft echte Erlebnisse und wertvolle Begegnungen für zehntausende von Menschen.

Das flexible Raumangebot von modularen Tagungsräumen bis zu Hallen
für Grossanlässe mit den jeweiligen adäquaten Foyers ermöglicht individuelle Settings von Kongressen und Events. Die zentrale Lage im Herzen der Stadt St.Gallen, die bequeme Anbindung an den ÖV, der direkte Autobahnanschluss, ein attraktives Parkplatzangebot und Hotelkapazitäten gehören ebenfalls dazu.;9.385859900000014;47.4335726;Splügenstrasse 12;9008;St.Gallen;info@congressevents.ch;https://www.olma-messen.ch/veranstalten/kongress-und-tagung/;[{'@type': 'ImageObject', 'contentUrl': 'https://sgbtpimtsoch.sos-ch-dk-2.exoscale-cdn.com/catalog/a/7/3/c/a73ca0a9436603ff413fb8992bb84a83bd1cb8d8_CongressEvents_13.jpg'}];2026-07-13T17:09:59+02:00
19d5863c-c7bd-4505-b550-77680e6a7656;Napoleonmuseum Arenenberg;Der Arenenberg im Thurgau liegt mit seinem Schloss an einem der schönsten und romantischsten Plätze am ganzen Bodensee. Von der Schlossterrasse aus bietet sich ein spektakulärer Blick über die Unterseeregion.;Historisches Herzstück des Arenenbergs ist das Napoleonmuseum im Schloss. Hier können die sorgfältig restaurierten, original ausgestatteten Wohnräume von Königin Hortense und der kaiserlichen Familie Napoleons III. besichtigt werden. Prachtvolle Zeltsalons, private Rückzugsräume, Zofenzimmer und kostbare Gemälde aber auch ein handbestickter Kinderthron sind hier zu sehen. Umgeben ist das Schlossgut von einem Landschaftspark und vom Arenenberger Schul- und Gutsbetrieb, zu dem auch die Rebhänge des eigenen Weinguts gehören.;9.0592034;47.6726822;Arenenberg 1;8268;Salenstein;+41 58 345 74 10;reservation.nap@tg.ch;https://napoleonmuseum.tg.ch;[{'@type': 'ImageObject', 'contentUrl': 'https://sgbtpimtsoch.sos-ch-dk-2.exoscale-cdn.com/catalog/b/d/8/2/bd82745f947502bee24b225d7dce3d72bbbde248_20210810_145909_resized.jpg'}];2026-08-11T04:18:06+02:00
1a5e29ab-0d20-420b-9dbf-fc0783715fa2;Schienenerlebnisse;Kreative Ideen, Flexibilität und Erfahrung. Sie planen einen Event auf Schienen und wollen Ihren Gästen eine einzigartige Atmosphäre bieten?;<p>Wir stellen Ihnen gerne ein Gesamtpaket unter der Ber&uuml;cksichtigung Ihrer W&uuml;nsche zusammen. Ob private oder gesch&auml;ftliche Anl&auml;sse &ndash; mit unserem Fachwissen und unserer Kreativit&auml;t beraten wir Sie ganz individuell und mit Liebe zum Detail.</p><p>Sie haben die M&ouml;glichkeit, aus bereits bestehenden Event-Beispielen auszuw&auml;hlen, diese je nach Wunsch individuell anzupassen oder f&uuml;r sich einen ganz eigenen Event zu gestalten. Mit dem untenstehenden Button gelangen Sie zu auserlesenen Event-Beispielen.</p>;8.894150753920062;47.55586341460734;Metzgerstrasse 5;8500;Frauenfeld;[{'@type': 'ImageObject', 'contentUrl': 'https://sgbtpimtsoch.sos-ch-dk-2.exoscale-cdn.com/catalog/1/5/4/7/1547d935631eadac006cde3acfc2241be4ca9378_00_Titelbild_edited_1536x863.jpg', 'caption': {'de': 'Lokomotive'}}];2026-08-18T17:10:33+02:00
26447794-f542-4869-a21b-64d9fa2d947b;Tröckneturm;Der Tröckneturm illustriert ein Kapitel Industriegeschichte zwischen dem Kollaps der Leinwandproduktion Ende des 18. und dem Höhenflug der Stickereiindustrie Ende des 19. Jahrhunderts. ;Geschichte:
Die Geschichte des Tröckneturms ist eng mit der Burg Waldegg verflochten, zu deren Ländereien das grosse Areal mit den Burgweihern bis hinunter nach Schönenwegen gehörte. Das stattliche Anwesen, fast 300 Jahre im Besitz des Klosters St.Gallen, war nach der Helvetischen Revolution an den Kanton gefallen. 1825 ersteigerte der St.Galler Kaufmann Johann Jakob Täschler (1786-1830) das Areal und errichtete einen Fabrikanbau an die Burg, in dem er eine Rotfärberei betrieb - damals gerade gross in Mode. Er war es auch, der 1828 beim so genannten «Alten Weiher» ein «Tröcknehaus» errichten liess. Es war eine durchdachte Konstruktion, innen beheizbar, so dass die Stoffbahnen je nach Wetter aussen oder innen aufgezogen und getrocknet werden konnten.

Heutige Nutzung:
Dank der neuen Eigentümerschaft für das Areal Sittertal, zu dem auch das Burgweiherareal gehörte, konnte der Tröckneturm 1997 in eine Stiftung überführt werden, welche dieses einzigartige Objekt textile Vergangenheit zu einem Begegnungsort umbaute, museal ergänzt mit einer Dauerausstellung zu den Themen "Wirtschafts- und Sozialgeschichte der Stadt St.Gallen", "Die Sitterlandschaft als Wirtschaftslandschaft" und "Die Geschichte der St.Galler Textilindustrie". Der Turm kann heute auch für gesellschaftliche Anlässe gemietet werden.;9.348409400000037;47.4159719;Am Burgweiherweg 1;9000;St. Gallen;info@troeckneturm.ch;http://www.troeckneturm.ch;[{'@type': 'ImageObject', 'contentUrl': 'https://sgbtpimtsoch.sos-ch-dk-2.exoscale-cdn.com/catalog/d/f/0/d/df0d7cc7e6d62e963181dafd2d87ef2f801b89e8_Textilweg_520.jpg'}];2026-03-11T16:51:35+01:00
26931348-f2d5-4550-85ed-f265c8bde9a8;St.Galler Bauernmarkt;Frisch, saisonal, aus der Region, das zeichnet die Produkte des Bauernmarktes aus.;So abwechslungsreich wie sich jeder Marktstand gestaltet, so vielfältig sind die Bauernbetriebe der Marktfahrerfamilien. Regionales Gemüse, Obst, Kräuter, Milchprodukte oder Blumen - hier gibt es jeweils freitags Neues und Altbewährtes zu entdecken und probieren.  ;9.3750971;47.4260286;9000;St. Gallen;rolf.bischofberger@gmx.ch;https://bauernmarkt-sg.ch/;[{'@type': 'ImageObject', 'contentUrl': 'https://sgbtpimtsoch.sos-ch-dk-2.exoscale-cdn.com/catalog/d/8/e/d/d8ed6d3f25137cc616e3a1efa5af841bb2d11825_Photokleinformat_3_2_Bauernmarkt_St.Gallen_5.jpg'}];2026-09-03T08:51:00+02:00
28893a4d-d5c2-4a90-9d28-a8c68a546887;Spielplatz Schulhaus Bürg;Spielen auf dem Pausenplatz;<p>Der neu gebaute Spielplatz beim Kindergartenpavillion und dem Schulhaus Bürg mit Rutsche, Schaukel und Pingpongtisch bietet allen Kindern etwas. Der angrenzende Pausenplatz mit Basketballkorb lädt zu einem Basketballspiel ein. Benützung lediglich ausserhalb der Schulzeiten.</p><p></p><p><strong>Ausstattung:</strong></p><ul><li>0–5 Jahre</li><li>5–12 Jahre</li><li>Barrierefrei</li><li>Rauchfrei</li></ul>;8.943375307174732;47.248785600000005;Delggstrasse 1;8732;Neuhaus;+41 55 286 15 15;liegenschaften@eschenbach.ch;[{'@type': 'ImageObject', 'contentUrl': 'https://sgbtpimtsoch.sos-ch-dk-2.exoscale-cdn.com/catalog/c/1/e/8/c1e846088f5f994c945e95f272bd7dcf5ce9818e_Spielplatz_Schulhaus_B__rg_2022.JPG', 'caption': {'de': 'Spielplatz Schulhaus Bürg'}}];2025-04-13T06:23:37+02:00
2b94672a-5722-46c9-91f2-25d3e35d3fb6;Skatepark Eschenbach;Skaten im Dorf;<p>Der vor kurzem neu gebaute Skatepark bei den Fussballfeldern an der Rapperswilerstrasse ist klein und überschaubar, hat aber trotzdem einiges zu bieten. Rampen links sowie rechts, einige Schanzen und andere Hindernisse im Zentrum des Platzes. Auch einige Rails am Rande garantieren für Spass.</p><p></p><p><strong>Ausstattung:</strong></p><ul><li>0–5 Jahre</li><li>5–12 Jahre</li><li>Barrierefrei</li><li>Rauchfrei</li></ul>;8.91793727874756;47.23658748829896;Rapperswilerstrasse;8733;Eschenbach;+41 55 286 15 15;liegenschaften@eschenbach.ch;[{'@type': 'ImageObject', 'contentUrl': 'https://sgbtpimtsoch.sos-ch-dk-2.exoscale-cdn.com/catalog/e/1/5/5/e155a99eb52bd88cce2f7a0bdb59ae87daa0020b_Skateranlage_2021_LarsG__beli_01.jpg', 'caption': {'de': 'Skatepark Eschenbach'}}];2025-04-13T06:23:46+02:00
2f8fa983-f223-48f4-a1d8-4bfed0a5ceef;Wildpark Peter und Paul;Das beliebte Naherholungsgebiet der Stadt St.Gallen.;<p>Der Wildpark Peter und Paul liegt in der Stadt St.Gallen auf einer Kuppe bei Rotmonten. Eingebettet in eine abwechslungsreiche Naturlandschaft l&auml;dt er zur Erholung und zum Spazieren ein. Von verschiedenen Standorten im Park er&ouml;ffnen sich sch&ouml;ne Aussichten auf den Kanton Thurgau, den Bodensee, S&uuml;ddeutschland, Vorarlberg und in den Alpstein. Das Restaurant Peter und Paul rundet das attraktive Freizeit- und Informationsangebot kulinarisch ab. Die Wildtiergehege f&uuml;gen sich nahtlos ins Gel&auml;nde ein. Die Rot-, Sika- und Damhirsche, G&auml;msen, Steinb&ouml;cke, Murmeltiere, Wildschweine, Luchse und Wildkatzen sind in naturnaher Umgebung zu sehen. Wahrzeichen des Wildparks sind die Steinbockfelsen.&nbsp;</p>;9.387323856353762;47.449690492502604;Kirchlistrasse 98;9010;St. Gallen;+41 71 244 51 13;info@wildpark-peterundpaul.ch;http://www.wildpark-peterundpaul.ch/;[{'@type': 'ImageObject', 'contentUrl': 'https://sgbtpimtsoch.sos-ch-dk-2.exoscale-cdn.com/catalog/6/0/4/e/604e1f4f5f68c7083d157ed76746889ee690d3a3_Computerformat_4_3_PeterPaul_13.jpg'}];2026-08-31T09:40:42+02:00
394a2e9b-ec7a-48a8-8d1c-47a74693d60b;Begegnungsplatz Kellen;Der Sport- und Freizeitplatz in Goldach.;Der Begegnungsplatz Kellen ist seit seiner Eröffnung im Jahr 2011 eine weit über die Gemeindegrenzen hinaus bekannte Attraktion für Kinder und Familien.

Der Begegnungsplatz Kellen besteht aus zehn Spielinseln, einer Boccia-Bahn und zwei öffentlichen Grillstellen.

Die regionalen Sport- und Erholungsanlagen Kellen mit ihren zusätzlichen öffentlichen Angeboten liegen in unmittelbarer Nachbarschaft.;9.458869800000002;47.4775408;Sankt Gallerstrasse 37;9327;Tübach;+41 71 844 05 00;https://www.goldach.ch/begegnungsplatzkellen/2397;[{'@type': 'ImageObject', 'contentUrl': 'https://sgbtpimtsoch.sos-ch-dk-2.exoscale-cdn.com/catalog/3/a/4/5/3a453b5365c47273bda9117d58265e2b4e0229cb_Begegnungsplatz_Kellen.jpg'}];2026-04-28T14:57:49+02:00
400bc32f-cc8a-4712-a5ca-30c913497620;Ausstellungssaal im Stiftsbezirk;In einem eigenen Raum wird als Hauptattraktion der berühmte St.Galler Klosterplan der Stiftsbibliothek präsentiert. Er gilt als bedeutendste Architekturzeichnung des Mittelalters.;<p>Die Ausstellung "Das Wunder der &Uuml;berlieferung &ndash; Der St.Galler Klosterplan und Europa im fr&uuml;hen Mittelalter" befasst sich mit der einmaligen &Uuml;berlieferungsdichte von Dokumenten des Fr&uuml;hmittelalters in St.Gallen. Dabei stehen die Rechtsdokumente, die im Stiftsarchiv St.Gallen erhalten geblieben sind, im Vordergrund, darunter auch zwei Verbr&uuml;derungsb&uuml;cher und das einzige &uuml;berlieferte Professbuch der Karolingerzeit. Wechselausstellungen mit thematisch ausgew&auml;hlten Urkunden geben Einblicke in die Lebenswelten des fr&uuml;hen Mittelalters. Der ber&uuml;hmte St.Galler Klosterplan kann nach einer einf&uuml;hrenden Multivision einige Sekunden im Original betrachtet werden. Das wertvolle Dokument muss aus konservatorischen Gr&uuml;nden vor zu starker Lichtexposition gesch&uuml;tzt werden.</p>;9.3778712;47.4240379;Klosterhof 1;9000;St. Gallen;+41 71 227 34 16;https://www.stiftsbezirk.ch/de/aktuelle-ausstellungen/ausstellungssaal;[{'@type': 'ImageObject', 'contentUrl': 'https://sgbtpimtsoch.sos-ch-dk-2.exoscale-cdn.com/catalog/1/a/a/d/1aad49794ebb7bab57c9b1f4b68cd940a0449faa_klosterplan__1__klein.jpg'}];2026-08-08T02:47:41+02:00
49f38306-da59-4b52-91c9-fc68e8cc53c9;Feuerstelle Tössscheide;Liegt wunderschön eingebettet in der Natur;<p>Diese Feuerstelle liegt direkt bei der Tössscheide. Holz ist vor Ort vorhanden und die Sitzgelegenheit bietet sich an, sich an diesem schönen Ort zu verweilen. Eine Reservation der Feuerstelle ist nicht möglich. </p><p></p><p>Wer sich gerne abkühlen möchte, kann dies in der Töss machen, bevor es von hier auf verschiedenen Routen weiter gehen kann.</p>;8.960541486740114;47.31224955346231;8496;Steg;+41 43 257 97 20;[{'@type': 'ImageObject', 'contentUrl': 'https://sgbtpimtsoch.sos-ch-dk-2.exoscale-cdn.com/catalog/c/1/9/b/c19bac96ba28f5fc51939d82e8d308b59bcd9eea_01_T__ssscheidi2klein.JPG'}];2025-04-14T13:04:49+02:00
4fef06a2-4fa9-4d5d-9599-9a9081cd79c7;Goldach Lido Beach;Dieser Einstieg befindet sich direkt neben der Badi Goldach.
;Ein gemütlicher Ort mit mehreren Grillplätzen lädt zum Verweilen ein. Der weite Kiesstrand ist ideal für den Einstieg mit dem SUP. In Gehdistanz befindet sich der Parkplatz Hafen. Auch in der Nähe ist Sepp’s Glace-Stand, der perfekt für eine kühlende Zwischenverpflegung sorgt.
;9.4767792;47.4874462;Strandweg;9403;Goldach;[{'@type': 'ImageObject', 'contentUrl': 'https://sgbtpimtsoch.sos-ch-dk-2.exoscale-cdn.com/catalog/4/2/4/b/424b3e84f2ea229398bad507d9701bed2b27a61c_ES_Lido_Beach_Goldach_quer_1.jpeg'}];2026-05-26T15:38:48+02:00
526da8ff-fa3a-4ab7-afc0-1a1b1d78679c;Spielplatz Schulhaus Goldingen;Spielen auf dem Pausenplatz;<p>Nahe dem Dorfkern von Goldingen befindet sich das Schulhaus Goldingen sowie dessen Spielplatz. Die breite Auswahlmöglichkeit an Spielgeräten wie Sandkasten, Tunell, Kletterturm samt Schaukel und Rutschbahn sowie weiteres findet bei den Gästen grosse Beliebtheit. Auf der anderen Seite des Schulhauses befindet sich dessen Pausenhof mit dem roten Platz und dem Fussballfeld. Benützung lediglich ausserhalb der Schulzeiten.</p><p></p><p><strong>Ausstattung:</strong></p><ul><li>0–5 Jahre</li><li>5–12 Jahre</li><li>Barrierefrei</li><li>Feuerstelle</li><li>Picknick-Platz</li><li>Rauchfrei</li><li>Sandspielbereich</li></ul>;8.968212604522707;47.26215772076795;Dorfstrasse 6;8638;Goldingen;+41 55 286 15 15;liegenschaften@eschenbach.ch;[{'@type': 'ImageObject', 'contentUrl': 'https://sgbtpimtsoch.sos-ch-dk-2.exoscale-cdn.com/catalog/1/b/7/b/1b7b3d776a79c554547eca2441abe0301cc16311_Spielplatz_Schulhaus_Goldingen_2022.JPG', 'caption': {'de': 'Spielplatz Schulhaus Goldingen'}}];2025-04-13T06:10:12+02:00
5299bc40-e93e-46b2-af5a-50bbf320b553;open art museum;Ein offener Ort für Kunst ohne Grenzen – mit Fokus auf Outsider Art.;<p>Das <a href="https://openartmuseum.ch/" target="_blank" rel="noopener">open art museum</a> zeigt Ausstellungen im Crossover zwischen Art Brut, naiver Kunst und zeitgen&ouml;ssischen Positionen. Es bringt Menschen &uuml;ber Kunst zusammen und versteht sich als offener Ort f&uuml;r Kunst ohne Grenzen, mit Fokus auf Outsider Art.</p><p>Das open art museum verf&uuml;gt &uuml;ber eine Sammlung von &uuml;ber 30&rsquo;000 Werken von mehr als 180 K&uuml;nstler*innen und steht f&uuml;r die existenzielle Bedeutung k&uuml;nstlerischen Schaffens &ndash; sowohl f&uuml;r den einzelnen Menschen als auch f&uuml;r die Gesellschaft als Ganzes.&nbsp;</p><p>Die wechselnden Ausstellungen zeigen Werke, die durch ihre Vielseitigkeit, ihre ungew&ouml;hnlichen Inhalte und ihren Erfindungsreichtum faszinieren. Zugleich erz&auml;hlen sie von gelebtem Leben, eine Kunst voller Geschichten. Die Ausstellungen zeigen, dass Kunst &uuml;berall entsteht &ndash; oft aus dem Alltag heraus, mit einfachen Mitteln und Materialien. Sie er&ouml;ffnet &uuml;berraschende Perspektiven und l&auml;dt ein, das Eigene und das Fremde neu zu entdecken.</p><p>Ein besonderer Schwerpunkt liegt auf der Vermittlung an Kinder und Jugendliche.</p>;9.3669498;47.4196383;Davidstrasse 44;9000;St. Gallen;+41 71 223 58 57;info@openartmuseum.ch;http://www.openartmuseum.ch;[{'@type': 'ImageObject', 'contentUrl': 'https://sgbtpimtsoch.sos-ch-dk-2.exoscale-cdn.com/catalog/3/7/0/1/3701aeec89c174064102dbd376033a2c0ff63bab_Lagerhaus_Museum_St_Gallen_May_2011_ShiftN.jpg'}];2026-08-25T11:25:35+02:00
57b09d53-c26b-4102-96bc-23dc991f67fc;Freudenberg;Beliebter Aussichtspunkt und Naherholungsgebiet der Stadt St.Gallen ;Über den Drei Weieren liegt der "Hausberg" von St.Gallen. Er ist durch verschiedene Fusswege erreichbar und bietet eine schöne Aussicht auf den Alpstein über das Fürstenland bis über den Bodensee hinaus nach Deutschland. Verschiedene Feuerstellen laden zum Verweilen und Geniessen ein. ;9.39328;47.42094;Bitzistrasse ;9011;St. Gallen;[{'@type': 'ImageObject', 'contentUrl': 'https://sgbtpimtsoch.sos-ch-dk-2.exoscale-cdn.com/catalog/5/c/1/a/5c1a45739a235b4ed830d8b518e9299b641e0312_Computerformat_4_3_Drei_Weieren_Aussicht_3.jpg'}];2026-03-04T08:31:40+01:00
5a97a6d2-bc7a-4e2d-bb46-eecac33eb867;Aussichtspunkt Walzenhausen;Direkt am Veloweg gelegen, kommt man beim Aussichtspunkt in Walzenhausen in den Genuss von traumhaften Ausblicken über das St.Galler Rheintal bis hin zum angrenzenden Nachbarland Österreich.;Inmitten von Walzenhausen und auf der rasanten Abfahrt in Richtung Rheineck tut sich ein wunderschöner Aussichtspunkt auf. Hier lässt es sich vom St.Galler Rheintal über den Bodensee bis hin ins angrenzende Nachbarland Österreich blicken. Auf dem Bänkli können einige Minuten verweilt werden.

Der Aussichtspunkt Walzenhausen ist Teil der Velo-Rallye Bodensee. Mehr zur Velo-Sammelchallenge unter www.st.gallen-bodensee.ch/velo-rallye.;9.60657835006714;47.44858057411852;Güetli;9428 ;Walzenhausen;[{'@type': 'ImageObject', 'contentUrl': 'https://sgbtpimtsoch.sos-ch-dk-2.exoscale-cdn.com/catalog/6/3/9/a/639af62c2cb5344aad2f9823ea3f8fb4df6e9686_20210610__DSC2794.jpg'}];2026-04-15T13:30:29+02:00
5b63d121-437e-47ae-9057-dbfa23a644d1;Rhein-Schauen Museum und Rheinbähnle;Die wunderbar vielfältige Landschaft im Naturschutzgebiet am Bodensee erleben;<p>Rhein-Schauen ist ein Museum der besonderen Art. Den Reiz macht die Kombination von Werkhof, Ausstellung und Dienstbahn aus. Informativ, unterhaltsam und abwechslungsreich. Im Werkhof Lustenau erwartet den Besucher ein interessantes Panoptikum. Technik zum Anfassen, Landschaft zum Erfahren, mehr als 120 Jahre gelebte Geschichte, aber auch Gegenwart und Zukunft spannend und verst&auml;ndlich dargestellt. Die Strecke der Bahn f&uuml;hrt vom Ausgangspunkt, dem Werkhof Lustenau, den Rhein hoch nach Wiesenrain, Sonderfahrten sind individuell auf Ihre Bed&uuml;rfnisse buchbar. Die Fahrt vom Werkhof flussabw&auml;rts f&uuml;hrt direkt ins Naturschutzgebiet zu den Schleienl&ouml;chern. Mit einer der historischen Elektrolokomotiven aus den 1940er- Jahren oder einer Dampflokomotive von 1910 bzw. 1920 erleben grosse und kleine G&auml;ste die wunderbar vielf&auml;ltige Landschaft um den Bodensee und Rhein.</p>;9.66099500656128;47.4473835748098;Höchster Strasse 4;6890;Lustenau;+43557720539;office@rheinschauen.at;http://www.rheinschauen.at;[{'@type': 'ImageObject', 'contentUrl': 'https://sgbtpimtsoch.sos-ch-dk-2.exoscale-cdn.com/catalog/9/f/e/e/9feeca8f1a2d4e185f275bcc56b0ded5193dcbf5_Titelbild_Folder_2.jpg', 'caption': {'de': 'Lokomotive'}}];2026-03-04T08:31:40+01:00
5cd6dec5-2b83-4ba1-8d5c-5850129ccd52;Naturschutzgebiet Bannriet-Spitzmäder;Die einzigartige Landschaft, das Interesse am Torfabbau, die artenreiche Pflanzen- und Tierwelt, die vielfältigen Beobachtungsmöglichkeiten oder einfach nur eine gesunde Portion Neugier – es gibt viele Gründe, im Schollenriet vorbeizuschauen.;Die Schollenmühle ist eine ehemalige Torffabrik. In ihrer Umgebung wurde der Torf abgebaut und in der Schollenmühle zu Torfmull und Spezialerden weiterverarbeitet. Die Schollenmühle liegt mitten im Naturschutzgebiet Bannriet-Spitzmäder. Der Torfabbau hat hier ein abwechslungsreiches Landschaftsrelief hinterlassen. Auch ausserhalb des Schollenmühle-Areals sind spannende Naturbeobachtungen möglich. Das Schutzgebiet ist Pflanzen und Tieren vorbehalten. Ausgetieft, überschwemmt, verlandet, abgetorft und melioriert – verschiedenste Kräfte und Akteure haben das heutige Riet geformt. Die Vielfalt an Tieren und Pflanzen im 53 Hektaren grossen Naturschutzgebiet ist überwältigend. Blumenwiesen und Buntbrachen bringen Farbe in die Rietlandschaft und sind ein Schlaraffenland für blütenbesuchende Insekten. Gebüschgruppen strukturieren die Landschaft und bieten Rückzugsraum für Tiere.

Aus Anlass des 200-Jahr-Jubiläums des Kantons St.Gallen im Jahre 2003 wurde am Rand des Naturschutzgebietes Spitzmäder auf der Gemeindegrenze zwischen Altstätten und Oberriet ein Beobachtungsturm erstellt. Die weiträumige Aussicht in die Rheintalebene und das begleitende Bergpanorama sowie vielfältige Beobachtungsmöglichkeiten der Tierwelt lohnen bei jedem Wetter einen Besuch des architektonisch gelungenen Beobachtungsturms.;9.566738;47.357694;[{'@type': 'ImageObject', 'contentUrl': 'https://sgbtpimtsoch.sos-ch-dk-2.exoscale-cdn.com/catalog/f/8/c/2/f8c2050747d4b86653e48c0017e8383fe57e0d51_997A1472.jpg'}];2026-08-31T09:15:57+02:00
660d4da1-21cd-4033-b4de-50ceeb876b3c;Spielplatz Bildstöckli Eschenbach;Spielen inmitten der Rebberge;<p>Neben dem Weinanbau existiert im Gebiet Bildstöckli auch noch ein Kiesplatz mit einem Spielplatz. Man findet einen Sandkasten, einen Kletterturm mit Rutsche, ein Klettergerüst sowie einige Schaukeln vor. Wenn man die Treppe hinaufsteigt, kommt man zu Tischen mit Bänken. In der Nähe des Spielplatzes gibt es auch ein öffentliches WC.</p><p></p><p><strong>Ausstattung:</strong></p><ul><li>0–5 Jahre</li><li>5–12 Jahre</li><li>Picknick-Platz</li><li>Öffentliches WC</li><li>Rauchfrei</li><li>Sandspielbereich</li></ul>;8.92442286014557;47.24230936812799;Bildstöcklistrasse;8733;Eschenbach;+41 55 286 15 15;liegenschaften@eschenbach.ch;[{'@type': 'ImageObject', 'contentUrl': 'https://sgbtpimtsoch.sos-ch-dk-2.exoscale-cdn.com/catalog/9/3/4/9/9349e15a49ef4cfe2b44726eff92cda523b68a34_Spielplatz_Bildst__ckli_Eschenbach_2014_2.JPG', 'caption': {'de': 'Spielplatz Bildstöckli'}}];2025-04-13T06:05:24+02:00
69529483-0128-4c67-acde-aeadb7948418;Eichhof Balgach;Seit 1996 bewirtschaftet die Familie Ritz den vielseitigen und spannenden Betrieb im St.Galler Rheintal ;Der Hofladen und das Hofcafé wurden 2011 gebaut. Der Schwerpunkt des Sortiments liegt auf hofeigenem Fleisch sowie dem eigenen Wein. 

Das breite Angebot besteht grösstenteils aus eigenen Produkten, dazu gehören Gebäck, Konfitüren, Eingemachtes und vieles mehr. Daneben werden einige Produkte wie frisches Gemüse und Früchte, Milchprodukte oder Mehl von Bauern und Lieferanten aus der Region zugekauft. 

Im Café werden jede Woche unterschiedliche Kuchen, Torten und weitere süsse Köstlichkeiten angeboten. Das Café, die Sonnenterasse und viele weitere schöne Orte laden zu gemütliche und erholsame Stunden auf dem Hof ein.

Der Eichhof bietet für Gross und Klein ein Erlebnis. Diverse Tiere wie Kühe, Ziegen, Kaninchen, Hühner, Enten, Pfauen lassen sich bestaunen. Nebst der Tierattraktion erwartet die Kinder auch unzählige Spieltraktoren sowie einen grossen Sandkasten.;9.6045795;47.3953162;Siedlung Eichhof 1497;9436;Balgach;+41 71 722 51 55;info@eichhof-balgach.ch;http://eichhof-balgach.ch/;[{'@type': 'ImageObject', 'contentUrl': 'https://sgbtpimtsoch.sos-ch-dk-2.exoscale-cdn.com/catalog/e/e/5/a/ee5ae1ba69a8806e59d30fd1e0c800433e7baede_997A2777.jpg'}];2026-03-04T08:31:44+01:00
72832dd3-6a59-41be-95b5-9aaa1701d148;Slipanlage Hörnlibuck;Zwischen Hafenanlage und Badeanlage Hörnlibuck befindet sich eine kleine Sliprampe, womit Paddler bequem ein- und aussteigen können. Der Hörnlibuck ist zudem eine idyllische Badi zum Verweilen am Ufer. ;Vor oder nach dem Paddeln lädt die kostenlose Badeanlage zum Verweilen ein. Die weitläufige Badi verfügt über Garderoben, Duschen und Toiletten, die gratis zur Verfügung stehen. In unmittelbarer Nähe der Einstiegsstelle befindet sich ein Kiosk und lauschige Verweilplätze.

Parkplätze befinden sich ebenfalls in unmittelbarer Nähe, wobei diese während der Badesaison stark genutzt sind. Es wird empfohlen, mit dem öffentlichen Verkehr anzureisen. Der Bahnhof Staad und Hauptbahnhof Rorschach befinden sich wenige Gehminuten von der Einstiegsstelle entfernt.

Im Hafen Hörnlibuck gibt es zudem die Möglichkeit, Lagerungsgestelle für Kanus und Stand Up Paddles zu mieten. ;9.528142511844637;47.48073219364529;Hauptstrasse 7;9404;Rorschacherberg;[{'@type': 'ImageObject', 'contentUrl': 'https://sgbtpimtsoch.sos-ch-dk-2.exoscale-cdn.com/catalog/9/6/6/b/966b904096bfbcf5609d58bcf9d6f8ac2e1f723c_25_Schlipf_H__rnlibuck.png'}];2026-05-26T15:38:17+02:00
731f9c00-4f68-4cb1-a228-f2dd4f2457a5;Couture-Lehratelier;Textile Kultur – gelebt und praktiziert!;Kleidung aus edlen Stoffen präzise auf den Leib geschneidert. Minutiös verarbeitete Einzelstücke, die so individuell sind wie ihre Trägerin. Schweizer Handwerk auf höchstem Niveau, dessen Qualität so manche Luxusmarke in den Schatten stellt. Ein unerreichbarer Traum? Nein, dies ist die tag-täglich gelebte Realität im Couture-Lehratelier des GBS St. Gallen!

Am Ende des Fertigungsprozesses steht bei uns nicht irgendein Stück zusammengenähter Stoff, sondern – textile Kultur, die wir be-leben und weiter vermitteln!;9.3776229;47.4243962;Kugelgasse 19;9000;St. Gallen;+41 58 228 27 25;couture-lehratelier@gbssg.ch;https://www.gbssg.ch/gestaltung/berufliche-grundbildung/bekleidungsgestalterin-efz-im-couture-lehratelier.html;[{'@type': 'ImageObject', 'contentUrl': 'https://sgbtpimtsoch.sos-ch-dk-2.exoscale-cdn.com/catalog/c/9/4/0/c9400dd6c0a92c3778a207fdc5ea2ef14eab17c9_FB_Post_N__hworkshop2.jpg'}];2026-04-14T13:07:01+02:00
7380a8fe-cb90-4cf5-b04f-4e7f8f7afe40;Storchenhof Balgach;Der Storchenhof ist ein Familienbetrieb im St.Galler Rheintal.;Ein Erlebnis- und Erholungsraum für Natur- und Tierfreunde aus Nah und Fern. Neben Kühen, Gänsen, Hunden, Katzen, Bienen, Zwergziegen und Störchen, werden auch Pferde und Ponys gehalten.;9.614388942718508;47.37663971975095;9436;Balgach ;+41 71 722 47 49;storchenhof.thurnheer@bluewin.ch;http://www.pony-riding.ch;[{'@type': 'ImageObject', 'contentUrl': 'https://sgbtpimtsoch.sos-ch-dk-2.exoscale-cdn.com/catalog/f/5/4/8/f548cbd6ac0f4ef4a276932168b78cd28cfca156_storchenhof_1.jpg'}];2026-03-04T08:31:44+01:00
79db15cb-da93-4f43-99be-f01dcf967426;A.Vogel Heilpflanzen-Schaugarten und Museum;Eine Reise in Geschichte und Gegenwart eines der wichtigsten Naturheilkundlers des 20. Jahrhunderts;<p class="MsoNormal">Alfred Vogel (1902 &ndash; 1996) zog in den 1930er-Jahren nach Teufen im Appenzellerland. Hier lebte der Naturheilkunde-Pionier, schrieb seine erfolgreichen Gesundheitsb&uuml;cher und begann, Arzneimittel aus frischen Pflanzen herzustellen.&nbsp;Heute befinden sich hier auf dem H&auml;tschen der A.Vogel Heilpflanzen-Schaugarten, das A.Vogel Museum, die A. Vogel Drogerie und der Verlag A.Vogel.</p><p class="MsoNormal">&Uuml;ber 120 verschiedene Heilheilpflanzen und Kr&auml;uter wachsen im Heilpflanzen-Schaugarten auf fast 1'000 Metern &uuml;.M. umgeben vom herrlichen Panorama des Alpsteins und eingebettet in die sanften gr&uuml;nen H&uuml;gel des Appenzellerlands.</p><p class="MsoNormal">Ein Besuch bei A.Vogel in Teufen eignet sich ideal als Tagesausflug, Club-Event, Firmen- oder Vereinsanlass und vieles mehr. Lass Dich vom Heilpflanzengarten inspirieren!&nbsp;</p><p class="MsoNormal">Spontanbesucherinnen und -besucher k&ouml;nnen den Heilpflanzen-Schaugarten in Teufen t&auml;glich kostenlos besuchen. Das Museum und die Drogerie sind von Montag bis Freitag ge&ouml;ffnet. Gruppen wird die Reservierung einer F&uuml;hrungen inkl. Museumsrundgang empfohlen.&nbsp;</p><p class="MsoNormal">Der A.Vogel Heilpflanzen-Schaugarten tr&auml;gt seit Juli 2021 die &laquo;Natur-im-Garten&raquo;-Plakette.&nbsp;</p>;9.3894761;47.3955797;Hätschen 3062;9053;Teufen;+41 71 335 66 11;team@gesundheitszentrum-avogel.ch;https://www.avogel.ch/de/garten/teufen/;[{'@type': 'ImageObject', 'contentUrl': 'https://sgbtpimtsoch.sos-ch-dk-2.exoscale-cdn.com/catalog/c/f/7/b/cf7b2daa5abffcaa25c7be3a31704d3d35e02f83_Garten_Teufen.jpg'}];2026-08-25T11:36:23+02:00
7e2f778d-e4eb-4e9e-a340-718136da25e3;kinder.musical.theater Storchen;Pippi Langstrumpf, Peter Pan oder Frau Holle – in diesem einmaligen Theater spielen Kinder für Kinder und Familien auf professionellem Niveau. Grosse und kleine Musicalfans kommen voll auf ihre Kosten.;Die kinder.musical.theater Storchen GmbH mietet und betreibt das ehemalige Kino Storchen als Kinder- &amp; Musical-Theater. Primär erfolgt die Auslastung des Kindertheaters durch Eigenproduktionen, sekundär durch Fremdproduktionen oder spezielle Events.

Die Verantwortlichen der KinderTheater Storchen GmbH verfügen über 25 Jahre Erfahrung in der professionellen Produktion von Kindertheater und Musicals. Dazu gehören Produktionen wie Pippi Langstrumpf, Pippi im Takatukaland, Pippi ausser Rand und Band, Dschungelbuch, Lion King, Jim Knopf, La cage aux folles, Peter Pan, Frau Holle, Prinzessin auf der Erbse, Cinderella und viele mehr.;9.3760763;47.4271362;Magnihalden 7;9000;St. Gallen;+41 76 585 09 27;kurt.wettstein@storchen.theater;http://www.storchen.theater;[{'@type': 'ImageObject', 'contentUrl': 'https://sgbtpimtsoch.sos-ch-dk-2.exoscale-cdn.com/catalog/7/3/1/5/7315ef2b548dad32850a9d493d67ee310b253c82_IMG_8477.jpg'}];2026-08-04T09:36:54+02:00
81b63521-c153-4a48-9a01-df2203cbe53a;Aussichtspunkt Rüti;Der Aussichtspunkt Rüti befindet sich oberhalb von Roggwil an traumhafter Lage. Ein Bänkli lädt ein, den Ausblick über den Bodensee und die Apfelhaine zu geniessen.;Oberhalb von Roggwil bei Watt befindet sich der Aussichtspunkt Rüti. Von hier aus haben Velofahrer und Spaziergänger einen fantastischen Ausblick auf die umliegende Region und den Bodensee. Und ein Bänkli lädt für eine gemütliche Verschnaufpause ein.

Der Aussichtspunkt Rüti ist Teil der Velo-Rallye Bodensee. Mehr zur Velo-Sammelchallenge unter www.st.gallen-bodensee.ch/velo-rallye.;9.376659393310549;47.49453108244489;Rüti;9306 ;Roggwil;[{'@type': 'ImageObject', 'contentUrl': 'https://sgbtpimtsoch.sos-ch-dk-2.exoscale-cdn.com/catalog/b/9/c/a/b9caadd9b55a32831517d779742d90d8fb5ba974_20210611__DSC3429.jpg'}];2026-08-07T19:24:22+02:00
8404883d-a9e7-4902-9c27-fce6f8932c30;Kathedrale St.Gallen;Die barocke Kathedrale mit ihrer dominanten Doppelturm-Fassade ist das prachtvolle Wahrzeichen der Stadt St.Gallen. Zusammen mit dem Stiftsbezirk und der Stiftsbibliothek bildet sie ein einzigartiges historisches Ensemble.;<p>Die Kathedrale St.Gallen ist gleichzeitig Pfarrkirche der Dompfarrei und Bistumskirche des 1847 gegr&uuml;ndeten Bistums St.Gallen. Sie steht dort, wo 612 der irische Wanderm&ouml;nch Gallus eine Einsiedelei errichtete. Die Kathedrale und die barocke Klosteranlage wurden in der Mitte des 18. Jahrhunderts erbaut. 1805 hob der neu gegr&uuml;ndete Kanton St.Gallen das Kloster auf und &uuml;bertrug die Verwaltung der kirchlichen G&uuml;ter dem Katholischen Konfessionsteil. Die Kathedrale bildet mit dem Stiftsbezirk, insbesondere mit der Stiftsbibliothek und dem Stiftsarchiv, den Kern des Unesco-Weltkulturerbes.</p>;9.3766812;47.4232113;Klosterhof;9000;St. Gallen;+41 71 227 33 40;https://www.stiftsbezirk.ch/de/kathedrale-informationen;[{'@type': 'ImageObject', 'contentUrl': 'https://sgbtpimtsoch.sos-ch-dk-2.exoscale-cdn.com/catalog/b/f/3/8/bf382d778f8e020f7c9e5b03a44a6832eac4ed48_Photokleinformat_3_2_Stadtf__hrung_St.Gallen.jpg'}];2026-04-13T10:40:21+02:00
85f83e1e-19a7-44b4-a95c-8f45e2d4f2a2;Märliwelt am Kronberg;Gross und Klein begleiten Arnika und Jacobi durch ihre Welt voller märchenhafter Abenteuer mit Wasser und Sand bis hin zu luftigen Kletterhöhen und Kugelbahn-Stationen. Staunende Kinderaugen sind garantiert.;9 Erlebnisstationen mit Rätsel und viel Wissenswertem über Pflanzen und Tiere wollen entdeckt werden. Eine Kletterkrone, eine Wasserwelt mit Floss, Wasserspielen und Feenteich laden ein zu neuen Abenteuern. Im Kugelpark wird eine Krafttier-Kugel auf die Reise durch die vier Elemente geschickt. Auf einem Riesen-Trampolin sind ungeahnte Höhenflüge zu erleben. 
 
Benötigte Zeit: 2-4 Stunden 
geeignet ab 2-12 Jahren 
Empfehlung: Badetuch einpacken;9.32816505432129;47.319021794663854;St. Josefstrasse 2;9108;Jakobsbad;0041 71 794 12 89;info@kronberg.ch;http://www.kronberg.ch/märliwelt;[{'@type': 'ImageObject', 'contentUrl': 'https://sgbtpimtsoch.sos-ch-dk-2.exoscale-cdn.com/catalog/8/1/5/5/81550103921d007cc0d9e654a1a0ef7f6a0f28bf__S2A4235.jpg'}];2026-06-29T09:59:49+02:00
89456f3e-bc2b-4821-997e-d83ed117d01a;Brandenfelshöhle mit Feuerstelle;Dieser wunderbare Ort lädt zum erholen ein;<p>Die Brandenfelshöhle ist auf verschiedenen Wegen zu erreichen. Ob vom Oberholz oder vom Tösstal her, die Wege durch Wald und Natur sind wunderschön.</p><p></p><p>Erreicht man die Nagelfluh-Höhle gibt es einen grossen Tisch mit Bänken und eine schöne Feuerstelle mit einem Holzvorrat. Hier lässt es sich gut erholen für den bevorstehenden Rückweg oder für die weitere Wanderung.</p><p></p><p>Unterhalb der Aufenthaltshöle gibt es noch eine kleinere Höhle, welche gerne von den Kindern entdeckt wird. </p><p></p><p>Reservationen der Feuerstelle können nicht gemacht werden. </p>;8.9508456;47.3070837;8496 ;Steg;+41 43 257 97 20;[{'@type': 'ImageObject', 'contentUrl': 'https://sgbtpimtsoch.sos-ch-dk-2.exoscale-cdn.com/catalog/a/a/6/e/aa6efcebeffa929942e0ff29c099036780ba5fc0_03_Brandenfels.JPG'}];2025-04-14T11:47:58+02:00
89957d43-4ab2-486c-9fa1-a3c8fae30676;Aussichtspunkt Rehetobel;Vom Aussichtspunkt Rehetobel geniessen Velofahrer und Spaziergänger einen fantastischen Ausblick auf St.Galler und Appenzeller Berg- und Waldgebiete.;Velofahrer aufgepasst: auf dem Veloweg in Rehetobel erwartet einen eine rasante Abfahrt mit traumhaften Ausblicken. Die Lobenschwendistrasse hinab tut sich die Aussicht auf St.Galler und Appenzeller Berg- und Waldgebiete auf. Ein Bänkli lädt ein, die Momente während einer Verschnaufpause zu geniesse.

Der Aussichtspunkt Rehetobel ist Teil der Velo-Rallye Bodensee. Mehr zur Velo-Sammelchallenge unter www.st.gallen-bodensee.ch/velo-rallye.;9.464936256408693;47.42317882549432;Lobenschwendistrasse;9038 ;Rehetobel;[{'@type': 'ImageObject', 'contentUrl': 'https://sgbtpimtsoch.sos-ch-dk-2.exoscale-cdn.com/catalog/b/a/2/c/ba2cb9da64f285613d5125576c44d592b4b4b176_20210610__DSC2662.jpg'}];2026-04-15T13:29:11+02:00
8e6741fa-952d-42e8-96bf-139281ef6fc1;Ortsmuseum Flawil;Das Museum in Flawil lädt zum Eintauchen in Textilgeschichte und Ortsleben ein.;<p>Die Villa &laquo;Lindengut&raquo; des einstigen Textilindustriellen Huldreich Ottiker ist seit 1989 Wohn- und ortsgeschichtliches Museum zugleich. Mit dem umgebenden Park mit Wasserbecken und Tuffsteingrotte ist sie Zeugin der textilen Vergangenheit von Flawil. W&auml;hrend mehr als 200 Jahren transportierten Flawiler Fuhrleute Waren f&uuml;r Ostschweizer Textilherren innerhalb der Schweiz, nach Frankfurt am Main, nach Lyon, ja bis nach Marseille und dar&uuml;ber hinaus. Mit dem Bau der Eisenbahn verloren sie ihre Erwerbsgrundlage. Es entstanden Textilbetriebe wie Webereien, Bleicherei, F&auml;rberei, Stickereifabriken, und Stickerh&auml;user pr&auml;gten w&auml;hrend Jahrzehnten Dorfbild und Erwerbsleben in der Untertoggenburger Gemeinde Flawil. Das Museum verf&uuml;gt &uuml;ber einen beachtlichen Bestand an historischem Filmmaterial, z.B. den &auml;ltesten Film des Kantons St.Gallen aus der Zeit um 1905.</p>;9.1927776;47.412636;Sankt Gallerstrasse 81;9230;Flawil;+41793488661;info@ortsmuseumflawil.ch;http://www.ortsmuseumflawil.ch/;[{'@type': 'ImageObject', 'contentUrl': 'https://sgbtpimtsoch.sos-ch-dk-2.exoscale-cdn.com/catalog/2/1/0/c/210cb48de29a100b46fd58881e129aeb828f546f_Lindengut_1_webgr__1_.jpg'}];2026-08-04T09:30:40+02:00
8e8c4eb6-2efe-40fe-8e08-fb76c80afb14;Stiftsbezirk St.Gallen;Zeitlos, einzigartig, inspirierend.;<p>Der Grundstein der Abtei legte 612 der irische Wanderm&ouml;nch Gallus. 719 wurde die F&uuml;rstabtei St.Gallen gegr&uuml;ndet und 1805 aufgehoben. In dieser &uuml;ber 1000-j&auml;hrigen Geschichte z&auml;hlte das Kloster mit dem Stiftsbezirk zum geistigen Zentrum Europas und wurde 1983 in die Liste des UNESCO-Weltkulturerbes aufgenommen. Noch heute ist der Stiftsbezirk ein geschichtstr&auml;chtiger Ort, der nebst einer der sch&ouml;nsten barocken Bibliotheken der Welt auch den &auml;ltesten Klosterplan seiner Art der &Ouml;ffentlichkeit zug&auml;nglich macht. Attraktive Ausstellungen in der Stiftsbibliothek, im Gew&ouml;lbekeller und im Ausstellungssaal pr&auml;sentieren den einzigartigen Schatz an Handschriften, Urkunden und Drucken. &Ouml;ffentliche und private F&uuml;hrungen durch Fachpersonen vermitteln die Geschichte auf einer pers&ouml;nlichen Ebene. Und f&uuml;r Familien erm&ouml;glicht der R&auml;tselspass einen spielerischen Zugang in die Welt des Klosters.</p>;9.37864;47.42329;Klosterhof;9000;St.Gallen;+41 71 227 34 16;stibi@stibi.ch;https://www.stiftsbezirk.ch/de/veranstaltungen;[{'@type': 'ImageObject', 'contentUrl': 'https://sgbtpimtsoch.sos-ch-dk-2.exoscale-cdn.com/catalog/4/1/6/e/416eb3784813ceaf7f4f87989bd4e455ff7d0a4a_Photokleinformat_3_2_Luftaufnahme_Stiftsbezirk_.jpg'}];2026-03-04T08:31:49+01:00
901a4bb7-45a5-474e-a0b7-df91ee91610e;Maz Diepoldsau;Der beliebte und regional bekannte Bade- und Erholungsplatz am Alten Rhein;Hier kommt Ferienstimmung auf: Zwei Feuerstellen laden zum Grillieren ein und Steinblöcke dienen hier als Tisch und Bank. An einem schönen Sommertag ist der Sprung ins kühle Nass ein Muss. Es gibt unzählige weitere gemütliche Sitzmöglichkeiten am Wasser.  ;9.673333168029787;47.388851558583;Alpstrasse;9444;Diepoldsau;info@rheintal.com;https://www.agglomeration-rheintal.org/;[{'@type': 'ImageObject', 'contentUrl': 'https://sgbtpimtsoch.sos-ch-dk-2.exoscale-cdn.com/catalog/e/0/e/2/e0e2a0b935804635a064ca9b99897561b60ec3b1_997A7245.jpg'}];2026-07-09T11:02:26+02:00
90fb2247-91e2-4b53-a997-086b7051e5e9;Rock- und Pop-Museum;Das einzigartige Rock- und Pop-Museum. Erlebe eine Zeitreise durch die Geschichte der populären Musik des 20. Jahrhunderts.;<p><span style="font-size: 12.0pt; line-height: 107%; font-family: 'Calibri',sans-serif; mso-ascii-theme-font: minor-latin; mso-fareast-font-family: 'Times New Roman'; mso-hansi-theme-font: minor-latin; mso-bidi-theme-font: minor-latin; mso-ansi-language: DE-CH; mso-fareast-language: DE-CH; mso-bidi-language: AR-SA;">Erlebe die Entwicklung der popul&auml;ren Musik von den Anf&auml;ngen des 20. Jahrhunderts bis in die 2000-er-Jahre. Begegne W.C. Handy, dem &laquo;Father of the Blues&raquo;, den vier grossen britischen Band und vielen anderen Stars. Sieh viele Auszeichnungen (Gold- und Platinscheiben), Memorabilien, Fotos und Autogrammen sowie Film- und Audiodateien. Die Guides erz&auml;hlen bei einer gef&uuml;hrten Zeitreise Storys zu Musikgeschichte, K&uuml;nstlern und Bands oder einzelnen Songs. Erlebe Musikgeschichte in Wort, Bild und Ton.<br><br><br></span></p>;9.2356921;47.473747;Sornpark 9;9246;Niederbüren;info@rockpopmuseum.ch;http://www.rockpopmuseum.ch/;[{'@type': 'ImageObject', 'contentUrl': 'https://sgbtpimtsoch.sos-ch-dk-2.exoscale-cdn.com/catalog/3/9/6/e/396ec115c25c26dbf5acde0ea578dd55daaf374a_62.JPG'}];2026-03-04T08:31:49+01:00
91cfbc87-7fcb-4d0e-acb0-f8c965e3b0cc;Markthalle Altenrhein - Hundertwasser Architektur;Mit der Markthalle Altenrhein wollte Friedensreich Hundertwasser einen Kontrast schaffen zur geraden, farblosen Welt. Ein Paradies, bei dem der Kreativität keine Grenzen gesetzt sind. Eine Quelle der Inspiration, in der man gerne länger bleibt.;<p>Vergoldete Zwiebelt&uuml;rme, leuchtende Farben, geschwungene Linien, ungleiche Fenster, unebene B&ouml;den, bunte Keramiks&auml;ulen, schattige Wandelg&auml;nge. Ein M&auml;rchenschloss mitten im Industriegebiet. Ausflugsziel, Museum, Galerie, Shop und Eventlokal unter einem Dach, auf dem vier leuchtende Goldkuppeln thronen. Die Markthalle Altenrhein ist ein Architekturprojekt nach Idee und Konzept des &ouml;sterreichischen K&uuml;nstlers Friedensreich Hundertwasser. Das Einzige, das in der ganzen Schweiz gebaut wurde. Sie liegt in unmittelbarer N&auml;he zum Bodensee, der Stadt St. Gallen, dem Appenzellerland und direkt am internationalen Bodensee-Radweg.</p>
<p><span style="font-size: 12.0pt; font-family: 'Aptos',sans-serif; mso-fareast-font-family: Aptos; mso-fareast-theme-font: minor-latin; mso-bidi-font-family: Aptos; mso-ansi-language: DE-CH; mso-fareast-language: DE-CH; mso-bidi-language: AR-SA;">Die ganze Halle und das Bistro sind rollstuhlg&auml;ngig.</span></p>;9.54854;47.48515;Knotternstrasse 2;9422;Staad;+41 79 506 47 35;info@markthalle-altenrhein.ch;http://www.markthalle-altenrhein.ch;[{'@type': 'ImageObject', 'contentUrl': 'https://sgbtpimtsoch.sos-ch-dk-2.exoscale-cdn.com/catalog/5/1/1/0/51100ff9b826b17eea804dba6980c18415941925_Markthalle_GW_CMYK.jpg'}];2026-05-21T10:44:58+02:00
97aca84c-fb9f-4ff8-bde4-8374f5578c7e;Wäbchäller von Helen Niederer;Handweberin und Gastgeberin;Im Wäbchäller des bald 300 Jahre alten Hauses Oberdorf 9, mitten in Bühler, stehen seit 25 Jahren zwei Handwebstühle. Im 18. und im 19. Jahrhundert wurde in diesem Haus gewoben, wie in 236 anderen Häusern in Bühler. Heute fliegt das Weberschiffli wieder fleissig hin und her und es «chlepft» wie früher. Es entstehen Textilien wie Handtücher, Tischwäsche und Einkaufstasche mit verschiedenen Mustern und Farben aus natürlichem Material. 

Im gemütlichen Haus mit viel Charme stehen zudem zwei Doppelzimmer, lauschige Plätzchen im Garten und ein Aufenthaltsraum mit TV für Gäste zur Verfügung. Das BnB steht mitten im Appenzellerland und ist Ausgangspunkt für Touren in den Alpstein oder für Ausflüge an den Bodensee und in die Textilstadt St. Gallen;9.426107369486177;47.37377327880496;Oberdorf 9;9055;Bühler AR;+41 71 793 15 91;h.niederer@bluewin.ch;https://www.waebchaeller.ch/angebot/;[{'@type': 'ImageObject', 'contentUrl': 'https://sgbtpimtsoch.sos-ch-dk-2.exoscale-cdn.com/catalog/7/8/b/0/78b055f6145e8e65272aa167d925e6abdf99b007_IMGP0771.JPG'}];2026-03-04T08:31:50+01:00
9b185fce-bf5c-4a72-bdcf-f20a39e058c0;Spielwiese Hintergoldingen;Freizeit im Goldingertal;<p>Für die Kleinen aus Hintergoldingen gibt es eine Spielwiese zum Austoben. Mit den beiden grossen Toren und der Abdeckung Richtung der Strasse kann dort ideal Fussball gespielt werden.</p><p></p><p><strong>Ausstattung:</strong></p><ul><li>0–5 Jahre</li><li>5–12 Jahre</li><li>Barrierefrei</li><li>Feuerstelle</li><li>Picknick-Platz</li><li>Rauchfrei</li><li>Sandspielbereich</li></ul>;8.981966972351076;47.28510974872067;Hintergoldingerstrasse;8638;Goldingen;+41 55 286 15 15;liegenschaften@eschenbach.ch;[{'@type': 'ImageObject', 'contentUrl': 'https://sgbtpimtsoch.sos-ch-dk-2.exoscale-cdn.com/catalog/2/b/6/2/2b62c8b238cedf37f033a0819a12b0de0a101c65_Sportplatz_Hintergoldingen_GoogleMaps_2014_01.jpeg', 'caption': {'de': 'Google Earth'}}];2025-04-13T06:01:23+02:00
a5071b23-3e0e-47af-9841-0c753562df02;Klostergarten St.Gallen;Der Klostergarten zwischen dem Eingang zum Pfalzkeller und dem Regierungsgebäude lädt zum Verweilen ein.;<p>Klosterg&auml;rten dienten einst der Selbstversorgung der M&ouml;nche mit Obst, Gem&uuml;se, Kr&auml;utern und Heilpflanzen. Das erste Wissen f&uuml;r den Gartenbau im Kloster St.Gallen lieferten Mitbr&uuml;der von der Insel Reichenau. Der dort um 825 entstandene St.Galler Klosterplan der Stiftsbibliothek enth&auml;lt erste Hinweise auf Inhalt und Positionierung von G&auml;rten. Der Klostergarten befindet sich am Ort des ehemaligen Hofgartens. Er ist nicht nur ein wichtiger Teil des kulturellen Erbes der einstigen F&uuml;rstabtei St.Gallen, sondern er unterstreicht auch die Biodiversit&auml;t mitten in der Stadt.</p>;9.378792318002592;47.4239606;Klosterhof;9000;St.Gallen;https://www.klostergarten-sg.ch/;[{'@type': 'ImageObject', 'contentUrl': 'https://sgbtpimtsoch.sos-ch-dk-2.exoscale-cdn.com/catalog/8/6/2/0/86200051e904d2e6ff1f919361424167fb636117_Klostergarten_Bild_4.JPG'}];2026-04-13T10:39:52+02:00
a8919e91-4c76-4d77-a2f9-6a629337b9d7;HDS St.Gallen;HDS bietet Übersetzungs- und Dolmetscherdienste durch ausgebildete und erfahrene Expertinnen und Experten an.;<p>Dank langjähriger Erfahrung kann HDS auf einen grossen Pool ausgewählter Übersetzerinnen und Übersetzer zurückgreifen, um eine thematisch optimale Übersetzerauswahl für die Kundendokumente zu gewährleisten. Zudem bietet HDS einen Dolmetscherservice für verschiedenste Veranstaltungen an und begleitet auf Kundenwunsch auch Delegationen ausländischer Geschäftspartner oder fremdsprachige Gäste.<br></p>;9.3950338;47.4374541;Hodlerstrasse 2;9008;St.Gallen;+41 71 245 30 35;email@hds.ch;https://www.hds.ch/dienstleistungen/uebersetzerdienst/;[{'@type': 'ImageObject', 'contentUrl': 'https://sgbtpimtsoch.sos-ch-dk-2.exoscale-cdn.com/catalog/c/3/f/b/c3fb549137430adda29a7a57b6dfa25b19d8a140_hds_stgallen.png'}];2025-05-27T14:32:23+02:00
a8ba947a-cf5e-4270-a9e2-0e8c3c87b1cc;Naturbeobachtungsturm Weitsicht am Alten Rhein;Beobachtungsplattform für Vögel und Fische;Einzigartige Bilder sind für jeden Fotografen ein Highlight – und mit dem Naturbeobachtungsturm „Turm Weitsicht“ im Naturschutzgebiet „Bisewäldli“ des Alten Rheins ist es heute möglich, ungestört und unentdeckt einmalige Momente zu erleben. Ein seltener Wintergast, quakende Frösche, die Stille und die Natur, jeder Tag ist einzigartig, für Fussgänger, Ornithologe oder Fotografen.

;9.57098;47.48879;Rheinspitz;9423;Thal;[{'@type': 'ImageObject', 'contentUrl': 'https://sgbtpimtsoch.sos-ch-dk-2.exoscale-cdn.com/catalog/1/0/7/1/107103c502abb0ebd0207296e4d06cfc4c1410c9_Altenrhein_Vogelbeobachtung.jpg'}];2026-03-04T08:31:51+01:00
aa6ee3cd-f1b1-4c30-b763-978f20f3e55e;Feuerwehrmuseum DEPOT61;Das Feuerwehrmuseum zeigt die einzigartige Geschichte der Feuerwehr St.Gallen.;Zu sehen sind historische Pferdezug-Pumpen, Oldtimer Fahrzeuge wie der Kettenwagen "Autopumpe Helene", zudem seltene Gerätschaften und viele Ausrüstungsgegenstände aus mehreren Generationen. All diese Exponate sind Zeugen einer vergangenen Zeit und haben Jahrzehnte für den Schutz der Bevölkerung rund um die Uhr zur Verfügung gestanden. Das Feuerwehrmuseum wird ausschliesslich von Freiwilligen des Nostalgievereins betrieben.;9.3586331;47.4172672;Burgstrasse 61;9000;St. Gallen;+41 79 335 18 54;info@depot61.ch;https://nfsg.ch/;[{'@type': 'ImageObject', 'contentUrl': 'https://sgbtpimtsoch.sos-ch-dk-2.exoscale-cdn.com/catalog/2/e/1/1/2e113634f2595dfd24b8d164560a4e318e45bd31_Blechspielzeug.jpg'}];2026-03-04T08:31:51+01:00
ab18ee0c-e250-4873-a020-f96d2046fdfd;Spielplatz Schulhaus Kirchacker;Spielen auf dem Pausenplatz;<p>Die grosse Spielburg des Schulhauses Kirchacker bietet mit seiner Vielfalt an Spielgeräten jedem etwas. Ob die grosse Rutschbahn, die vier Türme, die Schaukel oder auch die Seilbahn: Spass ist hier für viele Kinder garantiert. Ein Durchgang führt zum angrenzenden Kindergartenspielplatz, dieser sollte jedoch nur von Kleinkindern benutzt werden. Benützung lediglich ausserhalb der Schulzeiten.</p><p></p><p><strong>Ausstattung:</strong></p><ul><li>0–5 Jahre</li><li>5–12 Jahre</li><li>Rauchfrei</li></ul>;8.918001651763918;47.23864228395238;Rapperswilerstrasse 14;8733;Eschenbach;+41 55 286 15 15;liegenschaften@eschenbach.ch;[{'@type': 'ImageObject', 'contentUrl': 'https://sgbtpimtsoch.sos-ch-dk-2.exoscale-cdn.com/catalog/9/2/3/8/9238c52204835d66bbb29e29c95c4d4e36083a63_Spielplatz_Schulhaus_Kirchacker_Eschenbach_2014_02.JPG', 'caption': {'de': 'Spielplatz Schulhaus Kirchacker Eschenbach'}}];2025-04-13T06:01:00+02:00
ad406ce9-3cee-46fc-b628-8edc6770442f;Automuseum Lömmenschwil;Im Automuseum Lömmenschwil werden Oldtimer, Rennboote und Flugzeuge aus vielen Jahrzehnten präsentiert. Es werden auch interessante Führungen durch die Sammlung angeboten.;<p>Seit &uuml;ber 40 Jahren befassen sich die Museumsbetreiber mit dem Sammeln und Restaurieren von historischen Fahrzeugen. Was mit Oldtimer-Autos begann, entwickelte sich mit der Zeit immer weiter. Mit dem Einbezug der anderen Elemente kamen Oldtimer-Flugzeuge und Rennboote dazu. Diese Fahrzeuge sind Zeugen einer fast vergessenen Geschichte von zahlreichen ber&uuml;hmten Schweizer Fahrern. Rennwagen von 1924 bis 2004 bringen den Besuchern die technische Entwicklung im Rennsport n&auml;her. Zahlreiche Exponate bieten Einblicke in die Technik von fr&uuml;her. Die Sammlung wird erg&auml;nzt durch &uuml;ber 5000 Modelle. Es werden auch spannende F&uuml;hrungen durch die Sammlung angeboten. Das Museum eignet sich auch hervorragend als Event-Location. F&uuml;r Firmenanl&auml;sse, Familienfeiern, Clubausfl&uuml;ge oder Oldtimertreffen bietet das Museum ein einmaliges Umfeld. Das Bistro bietet Platz f&uuml;r 50 Personen.</p>;9.35713291168213;47.50266751158526;Wäldi/Bahnhofstrasse 3;9308;Lömmenschwil;+41 71 455 20 80;info@automuseum.ch;https://automuseum.ch/STARTSEITE/;[{'@type': 'ImageObject', 'contentUrl': 'https://sgbtpimtsoch.sos-ch-dk-2.exoscale-cdn.com/catalog/a/0/c/f/a0cf4f900cd4143fb3b996f0aabc18a8c2a05201_Automuseum_6179.jpg'}];2026-08-25T11:45:28+02:00
ad8998c7-5814-4d92-9ca7-ff2fca145ad3;Spielplatz Schulhaus Walde;Spielen auf dem Pausenplatz;<p>Der kleine aber feine Spielplatz mit Schaukel, Rutschbahn und Wippe sowie einem kleinen Fussballplatz nebenan bietet neben den Schülern und Kinder des Dorfes auch Besuchern einen Platz zum verweilen. Damit bietet auch das überschaubare Walde mit seinem ländlichen Charme einen Platz der Begegnung. Benützung lediglich ausserhalb der Schulzeiten.</p><p></p><p><strong>Ausstattung:</strong></p><ul><li>0–5 Jahre</li><li>5–12 Jahre</li><li>Barrierefrei</li><li>Rauchfrei</li><li>Sandspielbereich</li></ul>;9.009153842926027;47.269481579302536;Oberrickenstrasse 10;8737;Walde;+41 55 286 15 15;liegenschaften@eschenbach.ch;[{'@type': 'ImageObject', 'contentUrl': 'https://sgbtpimtsoch.sos-ch-dk-2.exoscale-cdn.com/catalog/a/f/b/e/afbee7413bb794fb611d9caff1e2b7e6218e3402_Spielplatz_SchulhausWalde_2022_1.jpg', 'caption': {'de': 'Spielplatz Walde'}}];2025-04-13T06:00:54+02:00
af387790-c33a-431c-a439-367e00105369;Kobesenmühle;Der Künstler Wilhelm Lehmann (1884 bis 1974) hat in der Kobesenmühle ein Lebenswerk geschaffen, das von der Stiftung Wilhelm Lehmann sorgfältig gepflegt und in der Ausstellung und im prächtigen Naturgarten zugänglich gemacht wird.;<p>Die Kobesenm&uuml;hle ist ein stiller, idyllischer Ort mit Weiher, rauschendem Bach und einer vielf&auml;ltigen Natur. Von 1917 bis 1974 wirkte in der alten M&uuml;hle der eigenwillige K&uuml;nstler und Denker Wilhelm Lehmann. Seine ausdrucksstarken Bildhauerarbeiten, Holzschnitte und Zeichnungen und sein tiefgr&uuml;ndiges Denken haben eine zeitlose Bedeutung. Die Ausstellung in der Kobesenm&uuml;hle bietet einen interessanten Einblick ins Schaffen von Wilhelm Lehmann. Sie wird jedes Jahr neu zusammengestellt und zum Teil mit Werken anderer K&uuml;nstler erg&auml;nzt. Im Naturgarten des Museums wird w&auml;hrend den &Ouml;ffnungszeiten Kaffee und Kuchen serviert.</p>;9.194747;47.473206;Kobesenmühle;9527;Niederhelfenschwil;+41 71 948 60 60;info@kobesenmuehle.ch;https://kobesenmuehle.ch/;[{'@type': 'ImageObject', 'contentUrl': 'https://sgbtpimtsoch.sos-ch-dk-2.exoscale-cdn.com/catalog/b/5/2/7/b527a10b5bc5fefdf6d15f92b863a05514870a4c_Kobesen1.jpg'}];2026-08-27T10:01:40+02:00
b0d7fb38-b8b2-4084-b479-89f29401b936;Baumwipfelpfad Neckertal;Baumkronen von oben sehen - auf dem Baumwipfelfad die Perspektive wechseln in einer ländlichen-naturnahen, inspirierenden Umgebung.;Der einzigartige Baumwipfelpfad Neckertal verbindet Nachhaltigkeit und Naturerlebnis und ist eine Bereicherung für die Gäste und die Region. Die schöne Natur- und Kulturlandschaft wurde erhalten und macht es möglich, den Wald mit anderen Augen zu sehen. Entdecken Sie diese kleine Perle und geniessen Sie bei uns einmalige Einblicke in die Natur und Ausblicke über das ganze Neckertal.

Mit aussergewöhnlichen Perspektiven bietet der etwas andere Freizeitpark mit seinem dazugehörigen Walderlebnisweg einen unvergesslichen und spannenden Naturaufenthalt. An den vielen Erlebnisstationen wird zudem einiges an Wissen über den Wald und dessen Bewohner vermittelt.

Geniessen Sie die Stunden im Wald, offline und entschleunigt. Ganz gemütlich zu zweit, mit Kindern auf dem Spielplatz, beim selber «brötlä» an der Grillstelle oder einfach ganz entspannt an der Sonne. Hier ist willkommen, wer gerne im Wald die Seele baumeln lässt. Die kleine Oase im Wald lädt dazu ein, etwas zu verweilen, dem Rauschen der Blätter und dem Zwitschern der Vögel zu lauschen und Zeit mit Familie und Freunden zu verbringen.;9.195284;47.307197;Lettenstrasse 19;9122;Mogelsberg;+41 71 552 33 03;info@baumwipfelpfad.ch;http://www.baumwipfelpfad.ch;[{'@type': 'ImageObject', 'contentUrl': 'https://sgbtpimtsoch.sos-ch-dk-2.exoscale-cdn.com/catalog/e/d/9/4/ed940ef743f23e3ca17fc3c045ac087f4107912d_Baumwipfelpfad_Neckertal_Vogelperspektive_Fr__hling_1_.jpg'}];2026-03-04T08:31:54+01:00
b37b8f1a-2975-4f04-a29d-fbd1be226577;Spielplatz Atzmännig;Spielen im Freizeitpark;<p>Auf dem öffentlich kostenlos zugänglichen Spielplatz inmitten des Freizeitparks Atzmännig können sich auch die kleinsten Gäste wohl fühlen und eine Menge Spass haben. Der grosse Spielplatz mit Kletterturm, Rutschbahn und Schaukel ist kindgerecht angelegt und zentral gelegen. So haben Eltern immer alles im Blick und die perfekte Kontrolle. Das ist auch gut so, denn mit den zwei Karussellen geht es drunter und drüber.</p><p></p><p><strong>Ausstattung:</strong></p><ul><li>0–5 Jahre</li><li>5–12 Jahre</li><li>Barrierefrei</li><li>Feuerstelle</li><li>Öffentliches WC</li><li>Picknick-Platz</li><li>Rauchfrei</li><li>Sandspielbereich</li></ul>;8.99657964706421;47.285219135907326;Atzmännigstrasse 1;8638;Goldingen;+41 55 284 64 34;info@atzmaennig.ch;https://www.atzmaennig.ch/de/suchergebnis/?search=spielplatz;[{'@type': 'ImageObject', 'contentUrl': 'https://sgbtpimtsoch.sos-ch-dk-2.exoscale-cdn.com/catalog/2/8/a/a/28aa93b1b940ad4a35c6e84cdbb8740617a8b14a_Spielplatz_Atzm__nnig_FotoChristofSonderegger_2012.jpg', 'caption': {'de': 'Spielplatz'}}];2025-04-13T06:00:45+02:00
b42cceca-48e9-4d01-a617-be6031905f17;Figurentheater-Museum & Figurentheater;Die bunte Welt des Figurentheaters;<p class="MsoNormal">Im Dorfkern von Herisau, in einem typischen alten Appenzellerhaus l&auml;sst das Figurentheatermuseum Besucherinnen und Besucher eintauchen in die fantasievolle, bunte Welt des Figurentheaters. Auf insgesamt drei Stockwerken gibt es verschiedene Marionetten, Handpuppen und andere Figuren zu entdecken und allerlei Spannendes zu erfahren. Jedes Jahr wird eine andere spannende Schweizer B&uuml;hne portr&auml;tiert. Die Jahresausstellung wird jeweils durch thematische Pr&auml;sentationen aus der hauseigenen Sammlung erg&auml;nzt &ndash; so lassen sich immer wieder neue Facetten des Figurenspiels entdecken und beleuchten. <span style="mso-spacerun: yes;">&nbsp;</span>Das Museum kann auf Anfrage exklusiv reserviert werden; zudem sind F&uuml;hrungen f&uuml;r Gruppen mit oder ohne Ap&eacute;ro buchbar.</p><p class="MsoNormal"><strong>Strolchi erwartet die kleinen Besucherinnen und Besucher</strong><br>Die Katze Strolchi begleitet Kinder auf einem liebevoll gestalteten Spiel- und Erlebnisweg mit interaktiven Stationen durch das Haus und l&auml;sst sie selbst zu Puppenspielerinnen und Puppenspielern werden.&nbsp;</p><p class="MsoNormal">Die Ausstellungen sind auch auf Franz&ouml;sisch und Englisch zug&auml;nglich.<br><br>Eintrittspreise:<br>Erwachsene CHF 8.00, Kinder CHF 5.00, Familien CHF 20.00<br>F&uuml;r Kinder aus den Kantonen AR und SG ist der Eintritt gratis.<br><br>Die Theatersaison dauert jeweils von Oktober bis Mai, Auff&uuml;hrungen finden immer am Sonntag um 11 Uhr statt</p><p class="MsoNormal">Spielplan: www.figurentheatermuseum.ch</p>;9.27979840461888;47.3851375;Oberdorfstrasse 18;9100;Herisau;+41 76 520 79 09;info@figurentheatermuseum.ch;https://www.figurentheatermuseum.ch;[{'@type': 'ImageObject', 'contentUrl': 'https://sgbtpimtsoch.sos-ch-dk-2.exoscale-cdn.com/catalog/c/1/2/a/c12a524654e6b46b90e3667398db77ee1969f1df_appenzellerhaus_figurentheater__2.jpg'}];2026-08-04T14:33:59+02:00
b72adce2-8ca3-4c15-a6e4-5b92b41dea29;Aussichtspunkt Ruggisberg;Umgeben von blühenden Obstbäumen und leuchtenden Blumenfeldern befindet man sich auf dem Ruggisberg im Apfelparadis. Hier soll die Picknickdecke ausgeweitet und eine Verschnaufpause von der Velotour genossen werden.;Auf dem Ruggisberg breitet sich die umliegende Region mit einem Tuch voller Obstbäume und leuchtenden Blumenfeldern aus. Besonders schön ist es hier im Frühling, wenn sich die Knospen der Apfelbäume öffnen und ein prachtvolles Blütenmeer um Vorschein kommt. Und der Bodensee lässt sich natürlich auch noch erblicken.

Der Aussichtspunkt Ruggisberg ist Teil der Velo-Rallye Bodensee. Mehr zur Velo-Sammelchallenge unter www.st.gallen-bodensee.ch/velo-rallye.;9.371262788772585;47.48867308651914;9308 ;Roggwil;[{'@type': 'ImageObject', 'contentUrl': 'https://sgbtpimtsoch.sos-ch-dk-2.exoscale-cdn.com/catalog/4/7/8/7/4787b142d6bab18ccf6ffcb0a7426b3137f9afe1_20210611__DSC3421.jpg'}];2026-04-15T13:29:33+02:00
b86cafd6-9aec-43e9-8d54-e9a9625fecf8;Appenzeller Volkskunde-Museum Stein AR;Das Museum widmet sich hauptsächlich der appenzellischen Sennen-Kultur sowie der Textil-Heimindustrie. ;<p>Eine trockene Materie? Keineswegs! Im Appenzeller Volkskundemuseum gibt es neben der Dauerausstellung auch spannende Live-Aktionen zu erleben: Käsen in der Alphütte, Weben am Plattstichwebstuhl, Sticken an der Handstickmaschine und vieles mehr.</p>;9.3444626;47.3730472;Dorf 821;9063;Stein;+41 71 368 50 56;info@appenzeller-museum.ch;https://www.appenzeller-museum.ch/;[{'@type': 'ImageObject', 'contentUrl': 'https://sgbtpimtsoch.sos-ch-dk-2.exoscale-cdn.com/catalog/6/4/d/3/64d32830ec080dcd92b4ed3e20344ff4e50d9a96_Aussenaufnahme_AVM_ASK.jpg'}];2026-03-04T08:31:55+01:00
b934ca5e-9dc1-40fc-949d-8459f2dea0ba;Spielplatz Schulhaus St. Gallenkappel;Spielen auf dem Pausenplatz;<p>Der frisch restaurierte Spielplatz beim Schulhaus St. Gallenkappel bietet neu einen Kletterturm mit Rutsche, einen Sandkasten, einen Picknick-Tisch sowie eine Schaukel. Oberhalb dessen befindet sich gleich die grosse Fussballwiese. Benützung lediglich ausserhalb der Schulzeiten.</p><p></p><p><strong>Ausstattung:</strong></p><ul><li>0–5 Jahre</li><li>5–12 Jahre</li><li>Picknick-Platz</li><li>Rauchfrei</li><li>Sandspielbereich</li></ul>;8.971071839332582;47.24646829301755;Schulstrasse 1;8735;St. Gallenkappel;+41 55 286 15 15;liegenschaften@eschenbach.ch;[{'@type': 'ImageObject', 'contentUrl': 'https://sgbtpimtsoch.sos-ch-dk-2.exoscale-cdn.com/catalog/0/8/3/d/083df20487d1b53c941ab8adfc665613eec89d18_Spielplatz_Schulhaus_StGallenkappel_2021_2.JPG', 'caption': {'de': 'Spielplatz Schulhaus St. Gallenkappel'}}];2025-04-13T06:00:38+02:00
bc4b7661-91c7-49cb-9327-804708c99076;Breitenmoser Gustarium;Die Erlebniswelt der Breitenmoser Appenzeller Fleischspezialitäten AG - für Fleischgeniesserinnen und Wurstliebhaber.;Ein Ort der Vielfalt mit einer in der Schweiz einzigartigen, interaktiven Ausstellung "rund um den Genuss", Grill- und Wurstseminaren, Genussladen und einem Gastrobereich mit Cheminée und Bar und Blick auf den Alpstein.

Breitenmoser Appenzeller Fleischspezialitäten AG ist einer der führenden Fleischveredelungsbetriebe mit Fachgeschäften in Appenzell, Gais, Teufen und Rorschacherberg. Die Traditionsmetzgerei mit einzigartigen Appenzeller Spezialitäten geht auf das Gründungsjahr 1896 zurück. Seit Mai 2023 gibt es zudem die vielfältige Erlebniswelt "Breitenmoser Gustarium" die Interessantes und Unterhaltsames rund um Fleisch und Wurst bietet. Hier lassen sich nach Voranmeldung Feste feiern und Seminare abhalten. Auch spontan kann man die Ausstellung besuchen und in der lichtdurchfluteten Metzgerstube «meet &amp; (m)eat» ein frisch aufgeschnittenes Appenzeller Plättli mit einem Getränk geniessen. Im Genussladen kann man stöbern, sich an der Rezeptwand inspirieren lassen und Appenzeller Spezialitäten und Delikatessen mit nach Hause nehmen.  
;9.4281642;47.3203495;Sägehüslistrasse 13;9050;Appenzell Steinegg;+41 71 788 09 81;info@gustarium.ch;https://www.gustarium.ch/;[{'@type': 'ImageObject', 'contentUrl': 'https://sgbtpimtsoch.sos-ch-dk-2.exoscale-cdn.com/catalog/8/2/1/8/8218aacac4a7c8901b60cd254e91ca8e85892f9e__S4_0085.jpg'}];2026-04-21T13:35:12+02:00
bf93a7a6-3fb1-484e-b8ef-2ad44243e337;Feuerstelle Bachscheide;Schöne Feuerstelle mit Sitzgelegenheit;<p>Die Feuerstelle Bachscheide liegt eingebettet in der wunderschönen Natur. Bei heissen Temperaturen im Sommer ist es ein idealer Ort zum verweilen. Am Bach kann man sich ausserdem wunderbar abkühlen lassen.</p><p></p><p>Der praktische Unterstand lädt bei Wind und Wetter zum ausruhen ein. Eine Reservation der Feuerstelle ist nicht möglich. </p>;8.96362066268921;47.31232956211427;8496 ;Steg;+41 43 257 97 20;[{'@type': 'ImageObject', 'contentUrl': 'https://sgbtpimtsoch.sos-ch-dk-2.exoscale-cdn.com/catalog/6/9/5/b/695b15944c26d753ba1a05d9f8f70ab278f3ec01_00_Bachscheidi1.JPG'}];2025-04-14T13:06:26+02:00
c0d07da1-7875-4053-b129-2820385dade7;Stiftsbibliothek St.Gallen;Die Stiftsbibliothek zählt zu den ältesten und schönsten Bibliotheken der Welt. Bereits im 8. Jahrhundert verfügte das Kloster St.Gallen über eine bedeutende Sammlung von Büchern.;<p>Der heutige Bibliotheksraum entstand zwischen 1758 und 1767 unter der Leitung des Bregenzerw&auml;lder Baumeisters Peter Thumb. Die wechselnden Ausstellungen wertvoller Manuskripte und Unikate geben einen nachhaltigen Eindruck der St.Galler Klosterkultur. Der Barocksaal der Stiftsbibliothek &uuml;berrascht durch seine reiche Rokoko-Ausstattung und gilt als einer der sch&ouml;nsten des Landes. Der Bestand der heute noch aktiven Bibliothek betr&auml;gt rund 170'000 B&uuml;cher. Die beeindruckende Sammlung fr&uuml;hmittelalterlicher Original-Handschriften macht diese Institution weltber&uuml;hmt. &Uuml;ber 400 B&auml;nde sind mehr als 1'000 Jahre alt.</p>;9.376703;47.423152;Klosterhof 6D;9000;St Gallen;+41 71 227 34 16;stibi@stibi.ch;https://www.stiftsbezirk.ch/de/stiftsbibliothek/;[{'@type': 'ImageObject', 'contentUrl': 'https://sgbtpimtsoch.sos-ch-dk-2.exoscale-cdn.com/catalog/2/9/2/0/29206321680f359254c3d1158e1862ebaadeb0a1_Stiftsbibliothek_Keystory_2020_2.jpg'}];2026-08-08T02:46:00+02:00
ce7bd415-1deb-4198-994b-81bf477b6f10;Forum Würth Rorschach;Kunst am See erleben;<p>Direkt am sch&ouml;nen Bodenseeufer k&ouml;nnen G&auml;ste bei freiem Eintritt regelm&auml;ssig wechselnde Kunstausstellungen besuchen. Das Forum W&uuml;rth Rorschach ist der museale Bereich des W&uuml;rth Haus Rorschach und zeigt regelm&auml;ssig wechselnde Kunstausstellungen zu unterschiedlichen Themen. Mit den Foyer‒Pr&auml;sentationen bietet das Forum W&uuml;rth Rorschach neben der Hauptausstellung immer wieder neue Ausstellungen und gibt einen weiteren spannenden Einblick in die moderne und zeitgen&ouml;ssische eigene Sammlung W&uuml;rth, die mittlerweile &uuml;ber 21'000 Werke umfasst. Der Skulpturengarten l&auml;dt ganzj&auml;hrig zum Verweilen ein und bildet einen fliessenden &Uuml;bergang der Kunst aus dem Inneren des Hauses bis zum Bodenseeufer. Hier findet man z.B. Exponate von Niki de Saint Phalle, Horst Antes und Henry Moore. Vor allem f&uuml;r Familien bietet der Skulpturengarten eine besondere Abwechslung mit zum Teil bespielbaren Mosaik-Skulpturen wie der &laquo;B&auml;r&raquo; oder &laquo;Nikigator&raquo; von Niki de Saint Phalle.</p>;9.50669;47.47842;Churerstrasse 10;9400;Rorschach;+41 71 225 10 00;info@wuerth-management.com;https://www.wuerth-haus-rorschach.ch;[{'@type': 'ImageObject', 'contentUrl': 'https://sgbtpimtsoch.sos-ch-dk-2.exoscale-cdn.com/catalog/9/0/9/7/9097cb0aaa3144b8f5bd0dd3958b9647f432b019_230466_us_1122_web.jpg', 'caption': {'de': 'Einblick in die Ausstellung «Wasser, Wolken, Wind»'}}];2026-08-17T09:35:26+02:00
d35a4d6d-a842-49a3-b8d7-202230e2e5c5;Palace;Das Palace spürt mit einem vielseitigen Musikprogramm popkulturelle Strömungen und überraschende Klänge auf. Auch Vorträge über Themen von Verkehrsplanung über die Medienkrise bis zum Weltuntergang gehören zum Programm.;<p>Das jahrzehntelang als Kino betriebene Palace wurde 2006 als Konzertlokal von einer Gruppe regionaler Kulturschaffenden eröffnet. Mit einem für die Ostschweiz einzigartigen Programm entwickelte sich das Palace rasch zu einem Konzertlokal, das über die Stadt- und Landesgrenzen hinaus Beachtung fand. Im vielseitigen Musikprogramm werden popkulturelle Strömungen, interessante Nischen und überraschende Klänge verfolgt. Die Vortragsreihe &laquo;Erfreuliche Universität&raquo; behandelt aktuelle gesellschaftliche, politische und kulturelle Fragen und hat sich zu einem wichtigen städtischen Diskussionstreffpunkt entwickelt.</p>;9.3731219;47.4266283;Zwinglistrasse 3;9000;St. Gallen;+41 71 222 21 23;kontakt@palace.sg;http://www.palace.sg/;[{'@type': 'ImageObject', 'contentUrl': 'https://sgbtpimtsoch.sos-ch-dk-2.exoscale-cdn.com/catalog/4/3/c/7/43c7dfa42425813b84564875d2bb812360a4309d_Cinema_Palace__St._Gallen__1Y7A2155_.jpg'}];2026-03-04T08:32:00+01:00
d974fff3-c771-4c5f-a205-1277463d955e;Spielplatz St. Gallenkappel Unterdorf;Neue Welten entdecken;<p>Der zentrumsgelegene Spielplatz in Unterdorf, St. Gallenkappel besitzt viele kreative Spielgeräte, um sich schön auszutoben. Die überdachten Sitzplätze in Kombination mit den öffentlichen Toiletten nebenan bieten eine ideale Picknickgelegenheit, bei der Eltern jederzeit die Übersicht auf das ganze Areal haben.</p><p></p><p><strong>Ausstattung:</strong></p><ul><li>0–5 Jahre</li><li>5–12 Jahre</li><li>Barrierefrei</li><li>Öffentliches WC</li><li>Picknick-Platz</li><li>Rauchfrei</li></ul>;8.96662473678589;47.245048017555035;Rickenstrasse;8735;St. Gallenkappel;+41 55 286 15 15;liegenschaften@eschenbach.ch;[{'@type': 'ImageObject', 'contentUrl': 'https://sgbtpimtsoch.sos-ch-dk-2.exoscale-cdn.com/catalog/b/5/5/1/b5513a0df071aeb0c1a13af113a6aa57412fb8a9_Spielplatz_Unterdorf_StGallenkappel_2014_02.JPG', 'caption': {'de': 'Spielplatz St. Gallenkappel Unterdorf'}}];2025-04-13T06:00:05+02:00
da17da8e-fc7c-4b1d-a719-7d1c8b913f8e;Seifenmuseum;Erstaunliches über die Vielfalt von Farben, Formen und Verwendungszwecken der Seifen.;Das schmucke Seifenmuseum in St.Gallen entführt die Besucherinnen und Besucher in duftender Umgebung in die Welt der Seife, ihrer Produktion und Vermarktung. Anhand einer alten Maschine aus der Seifenproduktion wird die Herstellung von Seife auf anschauliche Weise gezeigt. Alte Reklamen vermitteln ein Bild der Seifenwerbung von früher und Werkzeuge, die noch vor zwei Generationen in jedem Haushalt zu finden waren, geben einen Einblick in die Kulturgeschichte des Waschens.;9.3921067;47.4304028;Grossackerstrasse 2;9000;St. Gallen;+41 79 692 61 81;kontakt@seifenmuseum.ch;http://www.seifenmuseum.ch;[{'@type': 'ImageObject', 'contentUrl': 'https://sgbtpimtsoch.sos-ch-dk-2.exoscale-cdn.com/catalog/3/0/e/8/30e898fbaa36c5a7c4b984ab931ec0f0e780381d_Seifenmuseum_4.jpg'}];2026-03-27T12:17:55+01:00
dbe07a1b-d05b-4e0e-929d-b3e2e2b35cb3;Tarifverbund OSTWIND;Der Tarifverbund OSTWIND ist einer der flächenmässig grössten Tarifverbünde der Schweiz. Er bietet ein einfaches Zonentarif-System für Fahrten in der March (SZ) und in den Kantonen SG, TG, AR, AI, GL, SH und dem Fürstentum Liechtenstein.;Seit dem 1. Juni 2009 ist auf dem ganzen Gebiet des Tarifverbunds der sogenannte Zonentarif gültig. Reisende kaufen seither nicht mehr Billette von Ort zu Ort, sondern die zwischen und einschliesslich Abfahrts- und Zielort durchfahrenen Zonen. Innerhalb der Zonen ist das Billett auf Bahn und Bus gültig. Mit einem OSTWIND-Fahrausweis reisen die Kundin:innen innerhalb der gewählten Zonen und der zeitlichen Gültigkeit mit allen öffentlichen Verkehrsmitteln – wohin und so oft sie wollen.;9.372061190585772;47.4232959;St.Leonhardstrasse 20;9001;St. Gallen;+41712268899;info@ostwind.ch;https://www.ostwind.ch;[{'@type': 'ImageObject', 'contentUrl': 'https://sgbtpimtsoch.sos-ch-dk-2.exoscale-cdn.com/catalog/d/5/0/a/d50a65dd30b6b985b4cfdac1678129905b782b8a_160097_us_0043317.jpg'}];2026-03-04T08:29:20+01:00
dfcc5a75-11d1-4478-9ec9-674ba307e3cc;Drei Weieren;Das Naturschwimmbad mit einzigartigem Ausblick über die historische Gallusstadt und den Bodensee.;<p>Im 17. Jahrhundert k&uuml;nstlich angelegt, um die Wasserversorgung der Textil-Bleichen und Feuerwehren zu gew&auml;hrleisten, nutzten die Bewohner die Weieren schon bald zum Baden und Erholen. Damals wurde streng nach Geschlechtern getrennt &ndash; darum auch die Namen &laquo;Manne- und Buebeweiher&raquo; und &laquo;Frauen- und Familienbadi&raquo;. Die Drei Weieren z&auml;hlen heute zu den <strong>sch&ouml;nsten Naturschwimmb&auml;dern</strong> der Schweiz. Die schmucken historischen <strong>Jugendstil-Holzbauten </strong>erinnern an St.Gallens Vergangenheit als Textil-Weltstadt. Heute l&auml;dt das Naherholungsgebiet nebst dem <strong>Baden </strong>auch zum <strong>Flanieren </strong>und <strong>Picknicken </strong>ein.</p><p><strong>Anreise Drei Weieren: </strong></p><ul><li>Die Weiherlandschaft ist sehr gut an das Stadtzentrum angebunden. So fahren die <strong>M&uuml;hleggbahn </strong>oder der <strong>Stadtbus 6 (Richtung St. Georgen Bach)</strong> bis zur Station &laquo;St. Gallen, M&uuml;hlegg&raquo;.</li><li>Von dort erreicht man die Weiher in gut <strong>f&uuml;nf Minuten zu Fuss</strong>.</li><li>In den Sommermonaten f&auml;hrt gar ein <strong><a href="https://www.sport.stadt.sg.ch/home/baeder-sauna/familienbad-dreilinden.html" target="_blank" rel="noopener">B&auml;derbus </a>direkt und gratis zu den Weihern</strong>.</li><li>Anreisende mit dem Auto finden kostenpflichtige Parkpl&auml;tze unter anderem beim Frauenbad.</li></ul><p><strong>&Ouml;ffnungszeiten Naturschwimmb&auml;der:&nbsp;</strong></p><ul><li>Das Badehaus vom&nbsp;<a href="https://www.sport.stadt.sg.ch/home/baeder-sauna/gemeinschaftsbad-dreilinden.html" target="_blank" rel="noopener">Gemeinschaftsbad Dreilinden</a> (Mannenweier)&nbsp;ist w&auml;hrend der Saison in der Regel von 09.00 bis 19.00 Uhr frei und kostenlos zug&auml;nglich. Das Schwimmen im Mannenweier ist jederzeit m&ouml;glich.</li><li>&Ouml;ffnungszeiten vom&nbsp;<a href="https://www.sport.stadt.sg.ch/home/baeder-sauna/familienbad-dreilinden.html">Familienbad Dreilinden</a> sind <a href="https://www.sport.stadt.sg.ch/home/baeder-sauna/familienbad-dreilinden.html" target="_blank" rel="noopener">hier </a>zu finden.&nbsp;</li></ul><p><strong>Preisinformationen:&nbsp;</strong></p><ul><li>Der <a href="https://st.gallen-bodensee.ch/de/entdecken/sport-freizeit/erlebnisraum-3weieren.html">Erlebnisraum 3Weieren</a> ist im Grundsatz kostenfrei zug&auml;nglich.</li><li>Das <a href="https://www.sport.stadt.sg.ch/home/baeder-sauna/gemeinschaftsbad-dreilinden.html" target="_blank" rel="noopener">Gemeinschaftsbad Dreilinden</a> (Mannenweier) ist kostenlos.</li><li>Das <a href="https://www.sport.stadt.sg.ch/home/baeder-sauna/familienbad-dreilinden.html">Familienbad Dreilinden</a> ist nicht kostenlos.&nbsp;</li></ul><p>&nbsp;</p>;9.38322979999998;47.4200042;Bitzistrasse 65;9011;St. Gallen;[{'@type': 'ImageObject', 'contentUrl': 'https://sgbtpimtsoch.sos-ch-dk-2.exoscale-cdn.com/catalog/f/9/7/2/f972d6878d21acc5fa258e5aafb6c27a2afb9a30_Computerformat_4_3_Drei_Weieren.jpg'}];2026-08-17T09:27:26+02:00
e3cce468-3d0d-4a74-868f-31849e1eb8c3;Bahnticket Säntis – der Berg;Der Säntis thront eingebettet in einer der schönsten Naturkulissen Europas und bietet auf 2'502 Meter über Meer eine atemberaubende Aussicht.;<p data-v-20c93902="" class="rich-text-paragraph" piano-view-event="false" style="margin-bottom: 1rem;"><span class="text-space-pre-line rich-text-text" data-abstract-init="body text" style="">Vom Gipfel reicht der Blick über sechs Länder. So grenzenlos wie die Rundsicht sind auch die Möglichkeiten rund um Säntis und der Schwägalp. Erlebnisse in einer der schönsten Naturkulissen Europas, Veranstaltungen und Sonderfahrten das ganze Jahr, gelebtes Appenzeller Brauchtum und kulturelle Höhepunkte – dies und vieles mehr wird den Besuchern geboten. Das passende kulinarische Angebot findet sich im gemütlichen Gasthaus Passhöhe, im 3-Sterne-Berghotel Schwägalp oder in den Panorama-Restaurants auf dem Säntisgipfel.</span></p><p data-v-20c93902="" class="rich-text-paragraph" piano-view-event="false" style="margin-bottom: 1rem;"><span class="text-space-pre-line font-weight-bold rich-text-text" data-abstract-init="body text" style="">Ticket gültig für:</span></p><ul><li style="margin-bottom: 1rem;">10-minütige Schwebebahnfahrt auf und/oder runter vom Säntisgipfel</li></ul>;9.317264556884767;47.256397812373805;Schwägalp;9107;Urnäsch;kontakt@saentisbahn.ch;https://saentisbahn.ch/;[{'@type': 'ImageObject', 'contentUrl': 'https://sgbtpimtsoch.sos-ch-dk-2.exoscale-cdn.com/catalog/0/4/4/f/044f8c3ade2fd86b718c8d9c5f76d38ce2885fb8_S__ntis1.jpg'}];2026-04-28T10:13:57+02:00
fcfafb16-b2c6-4a56-9302-28b01451789b;Sperre Stoss;Panzersperren am Stoss;Diverse grosse Festungsbauten in der Schweiz, so etwa am Gotthard, bei Gondo im Tessin, und bei Saint Maurice VS wurden bereits im späten 19. Jahrhundert realisiert. An der Ostgrenze war jedoch bis kurz vor dem Zweiten Weltkrieg die veraltete Sperre auf der Luziensteig das einzige Festungswerk. Die Machtergreifung durch die Nationalsozialisten in Deutschland und der Anschluss Österreichs an das Deutsche Reich machten unsere Politiker hellhörig und führten Bundesrat und Parlament die Notwendigkeit eines verstärkten Grenzschutzes im Osten drastisch vor Augen. Das im Februar 1935 genehmigte «Bauprogramm für Grenzbefestigungen» gab endlich «grünes Licht» für die Projektierung von Festungswerken im Rheintal. Doch zuvor waren umfangreiche Rekognoszierungen notwendig. Erst kurz vor Kriegsbeginn begannen die Bauarbeiten. Unter anderem auch am Stoss, dem als wichtigster Übergang vom Rheintal ins Appenzellerland, eine bedeutende strategische Bedeutung zukam.;9.505451031788997;47.365691490027;Stossstrasse;9450;Altstätten;+41 792626823;roland.lehner@festung.ch;https://www.festung.ch;[{'@type': 'ImageObject', 'contentUrl': 'https://sgbtpimtsoch.sos-ch-dk-2.exoscale-cdn.com/catalog/2/5/a/7/25a78c7287a09566c53a7f56e09c2e767f45b245_Stoss_Infanteriebunker_Rain_kompr.jpg'}];2026-03-04T08:32:06+01:00
fd819b2a-2ab2-43e1-a285-4283f454fb11;Walter Zoo AG Gossau;Faszinieren, bilden, schützen. Der Walter Zoo begeistert grosse und kleine Entdecker.;<p>Rund 1'000 Tiere aus rund 100 verschiedenen Tierarten machen den Besuch zu einem bleibenden Erlebnis. Sei es der majestätische Berberlöwe, die faszinierenden Sibirischen Tiger, das Treiben der Schimpansen, die schillernden Rosaflamingos, die Kleinen Pandas und Zwergotter, die spannende Tier- und Pflanzenwelt im Savannenhaus oder im Tropenhaus.

Inmitten grosszügiger Anlagen sind Zebras, Vikunjas, Trampeltiere, Ponys und Esel zu beobachten. Bei kommentierten Tierbeschäftigungen und Fütterungen, beim Flugtraining und in der Zooschule erfahren die Gäste Spannendes und Wissenswertes aus dem Tierreich. 

Weitere Attraktionen für die kleinen Besucherinnen und Besucher sind die Abenteuerspielpätze, die Fütterungsvoliere, Kamel- und Ponyreiten oder die Streichelwiese. Das Zoorestaurant mit Blick ins Tropenhaus, verschiedene Verpflegungsstände und Grillstellen runden das vielfältige Angebot ab. Ein Highlight sind die täglichen Aufführungen im Zootheater (während der Haupsaison).

Der Walter Zoo ist aber auch ein spannender Ort für Veranstaltungen. Ob Apero, Bankett oder Brunch: Die Eventräumlichkeiten bieten das geeignete Ambiente für jedes Fest. Aber auch für Kundenanlässe, Teambildung, Kaderschulung, Seminar, Hauptversammlung oder Workshop – hier erfahren die Teilnehmenden Begeisterung und Emotionen. Führungen, Vorträge oder Tierbegegnungen machen den Event zum besonderen Event!</p><p>Für Schulklassen und Gruppen bis maximal 36 Personen besteht von Frühjahr bis Herbst die Möglichkeit, im Zoo an frei wählbaren Daten zu übernachten.&nbsp;&nbsp;</p>;9.28499954084611;47.4200682;Neuchlen 200;9200;Gossau;+41 71 387 50 50;events@walterzoo.ch;https://www.walterzoo.ch/;[{'@type': 'ImageObject', 'contentUrl': 'https://sgbtpimtsoch.sos-ch-dk-2.exoscale-cdn.com/catalog/a/f/0/8/af08719023b04df846a4f81788f729b15c9afb4a_loewen_fg_2020_36__2.jpg'}];2026-07-20T09:18:31+02:00
fec41767-4000-474b-8139-b21903e0b6a5;Gewölbekeller im Stiftsbezirk;Der Gewölbekeller zeigt die Dauerausstellung "Gallus und sein Kloster – 1400 Jahre Kulturgeschichte".;<p>Die Ausstellung "Gallus und sein Kloster" f&uuml;hrt anhand von Originalhandschriften und Objekten durch 1400 Jahre Kulturgeschichte, von der Einsiedlerzelle des Gallus bis zum UNESCO-Weltkulturerbe Stiftsbezirk. Sie stellt den Beitrag der Kl&ouml;ster an die kulturelle Entwicklung Europas dar, in Schrift, Sprache, Musik, Bau, Kunst und Spiritualit&auml;t. Einen H&ouml;hepunkt bildet das Evangelium Longum, dessen Prunkeinband um 895 vom St.Galler M&ouml;nch und K&uuml;nstler Tuotilo geschaffen wurde. Eine Multivision folgt dem Weg, der Gallus von Irland an den Bodensee und hierher ins Steinachtal f&uuml;hrte. In einem eigenen Bereich werden die sp&auml;tere Entwicklung der F&uuml;rstabtei und ihre Beziehung zur Stadt St.Gallen dargestellt.</p>;9.37644;47.42276;Klosterhof 6D;9000;St. Gallen;+41 71 227 34 16;stibi@stibi.ch;https://www.stiftsbezirk.ch;[{'@type': 'ImageObject', 'contentUrl': 'https://sgbtpimtsoch.sos-ch-dk-2.exoscale-cdn.com/catalog/c/a/d/1/cad162f91b2484f5764e6c259f55123cc5d3402f_50221123_2239627749401139_5000902560450609152_o.jpg'}];2026-08-08T02:45:24+02:00
