id;name;disambiguatingDescription;description;longitude;latitude;streetAddress;postalCode;addressLocality;telephone;email;url;image;dateModified066edb37-1c57-45e1-96b2-8cfb33579d97;Erlebnis-Töfflitour: St.Gallen–Bodensee mit Beachbar-Genuss;Fahren Sie von St. Gallen zum Bodensee auf einer geführten Töfflitour und lassen Sie den Tag entspannt in einer Beachbar ausklingen.;<p class="MsoNormal">Starten Sie Ihr Abenteuer direkt in St. Gallen und erleben Sie die Ostschweiz auf zwei R&auml;dern! Unsere gef&uuml;hrte T&ouml;fflitour f&uuml;hrt Ihre Gruppe durch idyllische Landschaften, charmante D&ouml;rfer und entlang dem traumhaften Bodenseeufer.</p><p class="MsoNormal">Nach einem unvergesslichen Tag auf dem T&ouml;ffli erwartet Sie ein Abendessen in einer stilvollen Beachbar &ndash; entspannte Stimmung, feines Essen und Loungemusik sind der perfekte Ausklang Ihres Ausflugs. Selbstverst&auml;ndlich darf ein Schwumm im erfrischenden Nass nicht fehlen. Ideal f&uuml;r Firmen, Vereine oder Freundesgruppen, die Aktion, Genuss und Natur verbinden m&ouml;chten.</p>;9.3755605;47.4232672;Bankgasse 9;9001;Bankgasse 9;[{'@type': 'ImageObject', 'contentUrl': 'https://sgbtpimtsoch.sos-ch-dk-2.exoscale-cdn.com/catalog/d/d/3/b/dd3bdde8e7c958b96972e00a3a66d369cecae0b0_Seepromenade_Rorschach.jpg'}];2026-06-15T16:00:20+02:00
0c0fd088-1717-4b5b-bb3a-05fe89516047;Wein im Rheintal ;Entdecken Sie im Rheintal traditionelles Küferhandwerk und regionale Weine mit genussvollen Verkostungen.;<p>Starten Sie Ihren Tag mit dem Besuch eines K&uuml;fers und erleben Sie hautnah, wie sich dieses jahrhundertealte Handwerk bis heute kaum ver&auml;ndert hat. Anschliessend geht es ins Haus des Weines, ein genussvoller Treffpunkt f&uuml;r Weinliebhaber und Neugierige. In stilvollem Ambiente entdecken G&auml;ste regionale Weine und erfahren Wissenswertes &uuml;ber Anbau und Tradition. Verkostungen laden dazu ein, verschiedene Sorten mit allen Sinnen zu erleben. Die fachkundige Beratung macht den Besuch auch f&uuml;r Einsteiger besonders angenehm.</p><p>Ein idealer Ort f&uuml;r genussvolle Pausen.</p>;9.6090914;47.4256158;Obereggerstrasse 8a;9442; Berneck;[{'@type': 'ImageObject', 'contentUrl': 'https://sgbtpimtsoch.sos-ch-dk-2.exoscale-cdn.com/catalog/e/d/9/8/ed9856e046c66ac52b60e90ef5b7ab821bba7ca5_SG_Haus_des_Weins_.jpg', 'caption': {'en': 'House of Wine'}}];2026-03-03T15:19:20+01:00
162e063e-bc0d-4d07-8713-ea901f8b2c4c;Besichtigung The Square – Universität St. Gallen;Einblicke in The Square: moderne Lernwelt und innovative Architektur.;<p>Erleben Sie die moderne Lern- und Begegnungswelt der HSG: The Square verbindet Innovation, Wirtschaft und Architektur auf einzigartige Weise.Die Besichtigung ist ideal f&uuml;r Gruppen, die Inspiration, Wissen und spannende Einblicke in die Universit&auml;t suchen.</p>;9.3748118;47.4333248;Guisanstrasse 20 ;9010 ;St. Gallen ;[{'@type': 'ImageObject', 'contentUrl': 'https://sgbtpimtsoch.sos-ch-dk-2.exoscale-cdn.com/catalog/a/4/2/0/a4204b713a4c0e4299e26455aa199db3fb6bb425_Keystory_2023_Square_Uni_St.Gallen_3__1_.jpg'}];2026-06-12T16:45:11+02:00
171ae62b-f121-4e7f-91d1-a58083c681e7; ​Switzerland Travel Mart 2027 Spring Edition;Internationale Fachveranstaltung, die Schweizer Tourismusanbieter mit Reiseveranstaltern aus Brasilien und Europa vernetzt.;<p class="isSelectedEnd">Die STM 2027 Spring Edition ist eine internationale Fachveranstaltung von Schweiz Tourismus und bringt ausgew&auml;hlte Reiseveranstalter aus Brasilien und Europa mit Schweizer Tourismusanbietern zusammen.</p><p class="isSelectedEnd">In zwei marktspezifischen Tracks lernen rund 30 bis 35 internationale Buyer pro Markt das vielf&auml;ltige touristische Angebot der Schweiz kennen. Ihnen stehen dabei rund 55 bis 60 Schweizer Anbieter aus Destinationen, Hotels, Transportunternehmen und weiteren touristischen Bereichen gegen&uuml;ber.</p><p>Erg&auml;nzt wird das Programm durch Workshops, pers&ouml;nliche Gesch&auml;ftstreffen und eine Exkursion der Gastgeberdestination. Ziel der Veranstaltung ist es, die Schweiz als attraktive Reisedestination st&auml;rker in den Angeboten internationaler Reiseveranstalter zu positionieren und nachhaltige Partnerschaften zu f&ouml;rdern.</p>;9.3754457;47.4214519;Berneggstrasse 2;9000;St. Gallen;[{'@type': 'ImageObject', 'contentUrl': 'https://sgbtpimtsoch.sos-ch-dk-2.exoscale-cdn.com/catalog/7/a/4/5/7a45d10161cbadf76eddcec45e5923b051eefc76_large__Keystory_2023_Stiftsbezirk_1__1_.jpg'}];2026-09-08T20:33:44+02:00
20c3ffdc-6ea0-4a68-ac14-f220f3b4cf8e;Augschta-Markt;Die Hauptmärkte oder Jahrmärkte haben in Altstätten Tradition und ziehen Besucherinnen und Besucher aus der ganzen Region an.;<p>Der wohl beliebteste Markt mit den meisten St&auml;nden ist der August-Jahrmarkt. Am "Augschta-Markt" gibt es auch eine Kilbi mit Bahnen sowie musikalische Unterhaltung bis in die Abendstunden.</p>;9.5400518;47.378043;Marktgasse, Obergasse, Rabengasse, Gerbergasse, Breite, Gemüsemarkt;9450;Altstätten;https://www.altstaetten.ch/marktstadt;[{'@type': 'ImageObject', 'contentUrl': 'https://sgbtpimtsoch.sos-ch-dk-2.exoscale-cdn.com/catalog/3/6/f/8/36f890af417582e4c9b0e6e47674f88d5eb1e7e6_medium__Augschta_Markt_Altst__tten_7.jpg'}];2026-05-04T12:01:32+02:00
2187a364-faed-4b93-983a-6c8bf2cde3ca;Stadtführungen Gossau;Ortskundige Guides machen Gossaus Geschichte erlebbar: Auf einer rund zweistündigen Führung - zu Fuss oder mit dem Velo -erzählen sie Spannendes zu «unsichtbaren» Bächen, prägenden Gebäuden und bedeutenden Wandmalereien.;<p class="icmsPContent icms-wysiwyg-first">Die Stadtf&uuml;hrungen vermitteln viel Interessantes aus der Geschichte von Gossau. Die orts- und geschichtskundigen Guides berichten von &laquo;unsichtbaren&raquo; B&auml;chen, pr&auml;genden Geb&auml;uden oder von der besonderen Bedeutung von Wandmalereien in Gossau .&nbsp;</p><p class="icmsPContent">Angeboten werden zwei verschiedene F&uuml;hrungen von rund zwei Stunden Dauer:</p><ul><li><em>F&uuml;hrung zu Fuss:</em>&nbsp;Ausgehend vom Andreaspark werden auf einem Spaziergang verschiedene Stationen&nbsp;im Zentrum von Gossau aufgesucht.&nbsp;</li></ul><ul><li><em>F&uuml;hrung mit dem Velo:</em> Von den Sportanlagen Buechenwald f&uuml;hrt die Tour&nbsp;im Gegenuhrzeigersinn&nbsp;um Gossau und endet am Standort des ersten&nbsp;Freibades . Geeignet f&uuml;r sportliche Bio-Velofahrer und f&uuml;r Personen mit E-Bike.</li></ul>;9.249359;47.4155906;Bahnhofstrasse 25;9200;Gossau;+41713884213;deniz.heinzl@stadtgossau.ch;https://www.stadtgossau.ch/fuehrungen;[{'@type': 'ImageObject', 'contentUrl': 'https://sgbtpimtsoch.sos-ch-dk-2.exoscale-cdn.com/catalog/a/0/2/9/a029abb89c437e3753c1b4a7faf67e4056902e00_Stadtf__hrungen_Imagebilder_01.png'}];2026-04-21T16:27:54+02:00
3614d6c1-c20d-4651-a252-707886dc4ae8;Öffentliche Stadtführungen in Rorschach;Hafenstadt am Bodensee;Kommen Sie mit auf einem Rundgang durch die Hafenstadt an der südlichsten Bucht des Bodensees! Wir führen Sie zu prächtigen Herrschaftshäusern, in abgelegene Hinterhöfe, zu alten Fabrikgebäuden, zu Waschplätzen und Badeanstalten an der Seeuferpromenade und erzählen Ihnen Geschichten von weitgereisten Handelsherren, äbtischen Kornhausverwaltern, italienischen Fabrikarbeiterinnen und königlichen Sommergästen in "Rorschach-les-Bains". 
;9.492734;47.478602;Hafenpavillon ;9401;Rorschach;+41 71 227 37 37;info@st.gallen-bodensee.ch;https://st.gallen-bodensee.ch/de/;[{'@type': 'ImageObject', 'contentUrl': 'https://sgbtpimtsoch.sos-ch-dk-2.exoscale-cdn.com/catalog/0/e/e/5/0ee5bfe544880c189212d995e834eafb3fdadb7f_SF_Rorschach_0_Seepromenade.jpg'}];2026-05-13T11:56:50+02:00
390452d5-969e-414e-849c-fe08f7298283;Feierliche Vernissage Weihnachtsbaum auf dem Klosterplatz;Am 1. Adventssonntag, 1. Dezember 2024, erstrahlt die Tanne zum ersten Mal in ihrem festlichen Gewand.;<p class="MsoNormal">Matthias Flückiger erzählt eine stimmungsvolle
Weihnachtsgeschichte. Die Chlausbläser der Polizeimusik St.Gallen und der Chor
Voice Up umrahmen die Vernissage musikalisch.<o:p></o:p></p>;9.3771709;47.4235488;9000;St.Gallen;[{'@type': 'ImageObject', 'contentUrl': 'https://sgbtpimtsoch.sos-ch-dk-2.exoscale-cdn.com/catalog/2/9/4/f/294f1b5fc56f48ca4c2f1cc16c8d0c1cef3d3abb_medium__Christbaum_Weihnachten_10__1_.jpg'}];2026-04-28T19:31:32+02:00
3ed4af8c-00a4-490c-88a8-6c898dfc6f2f;Energiekongress 2027;Der Energiekongress ist die Plattform zur Energiewende für Vertreterinnen und Vertreter aus Gemeinden, Energieunternehmen, Politik, Wirtschaft, Wissenschaft und Bildung.;<p class="isSelectedEnd">Der Energiekongress ist die zentrale Plattform f&uuml;r den Austausch rund um die Energiewende. Vertreterinnen und Vertreter aus Gemeinden, Energieunternehmen, Politik, Wirtschaft, Wissenschaft und Bildung kommen zusammen, um aktuelle Herausforderungen, Entwicklungen und Perspektiven der Energiezukunft zu diskutieren.</p><p>Am Donnerstag, 27. Mai 2027, findet der n&auml;chste Energiekongress in den Olma Hallen in St.Gallen statt. Die Veranstaltung bietet eine wichtige Plattform f&uuml;r Wissenstransfer, Inspiration und den Austausch zwischen den verschiedenen Akteurinnen und Akteuren der Energiewende.</p>;9.3863783;47.433655;Splügenstrasse 12;9008;St. Gallen;https://energiekongress.ch/;[{'@type': 'ImageObject', 'contentUrl': 'https://sgbtpimtsoch.sos-ch-dk-2.exoscale-cdn.com/catalog/d/a/c/2/dac21e4ee30be4ade3b6548d0e0382f1905ae3cb_large__20250225_olma_messen_10__3_.jpg'}];2026-09-09T20:43:16+02:00
4f0fe72a-e6f3-4c45-a953-757a32111f2e;Einblicke ins Rega-Zentrum St.Gallen;Erleben Sie mit Ihrer Gruppe die faszinierende Welt der Rega – Schweizerische Rettungsflugwacht hautnah!;<p>Beim Besuch des Rega-Zentrums in St.Gallen erhalten Sie spannende Einblicke in Rettungseins&auml;tze, Technik und Organisation.</p><p>Von modernen Helikoptern bis zu lebensrettenden Strategien - dieses Erlebnis kombiniert Bildung, Action, und Inspiration und ist perfekt f&uuml;r Firmen, Vereine oder Schulgruppen.</p><p>Nach dem Rundgang k&ouml;nnen sie den Tag mit einem gemeinsamen Snack oder einem Ap&eacute;ro ausklingen lassen. - individuell buchbar.</p><p>&nbsp;</p><p><strong>Hinweis zur Verf&uuml;gbarkeit</strong></p><p>F&uuml;r F&uuml;hrungen auf der Rega-Basis St.Gallen sind im Jahr 2026 nur noch limitierte Termine verf&uuml;gbar.</p><p>F&uuml;hrungen im Rega-Zentrum Kloten sind ab 2027 wieder m&ouml;glich.</p><p>Termine k&ouml;nnen auf Anfrage gepr&uuml;ft werden.</p><p style="margin: 0in; font-family: Calibri; font-size: 11.0pt;">&nbsp;</p><p>&nbsp;</p>;9.2900891;47.4055948;Wehrstrasse 8;9015; St. Gallen;[{'@type': 'ImageObject', 'contentUrl': 'https://sgbtpimtsoch.sos-ch-dk-2.exoscale-cdn.com/catalog/b/0/5/1/b0512f5c65586b38af867e9ca233e1dc4620506b_Rega_AW109_Landung_Wiese_Sommer.jpg'}];2026-06-10T15:42:00+02:00
53209b37-f694-4dd7-97ef-0a68ab7858a5;OLMA;83. Schweizer Messe für Landwirtschaft und Ernährung;<p>Die OLMA Schweizer Messe f&uuml;r Landwirtschaft und Ern&auml;hrung ist die erfolgreichste und beliebteste Publikumsmesse der Schweiz. Die OLMA verbindet langj&auml;hrige Tradition mit topaktuellen Themen und zieht jedes Jahr die Aufmerksamkeit der ganzen Schweiz und des nahen Auslands auf sich. Elf Tage lang bietet die OLMA genussvolle H&ouml;hepunkte, packende Sonderschauen und echte Begegnungen.&nbsp;</p><p>Die&nbsp;83. OLMA findet vom Donnerstag, 8. Oktober bis Sonntag, 18. Oktober 2026 statt. Ehrengast ist der Kanton Schwyz.</p><p>&nbsp;</p>;9.383161067962648;47.4317380802929;Splügenstrasse 12;9008;St.Gallen;+41 71 242 01 55;besuchen@olma-messen.ch;https://www.olma-messen.ch/de/messen/olma/besuchen/informationen;[{'@type': 'ImageObject', 'contentUrl': 'https://sgbtpimtsoch.sos-ch-dk-2.exoscale-cdn.com/catalog/4/9/a/e/49aed0f60a05c49c38982fc11e3d0baf79f55db4_medium__Olma.jpg'}];2026-09-07T15:44:22+02:00
5b5bfed0-a80c-4c47-90b3-8c6fa3854ef0;Baggerplausch im Hofstadl Gossau;Erlebnisangebot: Hofstadl & Baggerplausch oder Teamolympiade– Natur, Fun & Teamspirit!
;<p>Entdecken Sie ein einzigartiges Gruppenprogramm, das l&auml;ndlichen Charme mit richtig viel Action verbindet!<br>Starten Sie gem&uuml;tlich im Hofstadl: regionale Spezialit&auml;ten, herzliche Atmosph&auml;re und der perfekte Ort, um gemeinsam anzukommen und zu geniessen. Danach heisst es: Baggern wie die Profis! Beim Baggerplausch d&uuml;rfen Ihre G&auml;ste selbst ans Steuer &ndash; ein Highlight, das garantiert f&uuml;r Staunen, Lachen und starke Team-Momente sorgt. Wer nicht baggern will, kann sich beim Bubble Soccer, Rasenm&auml;her rennen oder ferngesteuerte Autorennen austoben.</p><p>Wer sein Team richtig challengen will, kann auf dem weitl&auml;ufigen Areal alternativ eine spannende Alpolympiade veranstalten &ndash; ein actionreiches Erlebnis, das den Teamgeist st&auml;rkt.</p><p>Dieses Programm ist ideal f&uuml;r Firmen, Vereine oder Freunde, die ein unvergessliches Erlebnis suchen, das es so nicht &uuml;berall gibt &ndash; authentisch, originell und absolut unvergessen.</p>;9.2419824;47.4317173;Albertschwil 584,;9200;Gossau;[{'@type': 'ImageObject', 'contentUrl': 'https://sgbtpimtsoch.sos-ch-dk-2.exoscale-cdn.com/catalog/d/7/6/7/d76778ccbbfd780af24d0e79d2efbd3798325865_IMG_5189.JPG'}];2026-06-15T15:58:06+02:00
6dd2e64a-a07a-4ee8-9128-e2d865bb70c7;Offene Weinkeller 2025;Tage der offenen Weinkeller: Eine «Sinn-volle» Reise durch die St. Galler Weinwelt;<p>Entdecken Sie die beeindruckende Vielfalt des Weinkantons St. Gallen an einem einzigartigen Ort: dem stilvollen «Haus des Weins» in Berneck.<br style="line-height: 1rem; height: 1rem;"><br style="line-height: 1rem; height: 1rem;">Am Donnerstag, den 1. Mai 2025, sowie am Wochenende, den 3. und 4. Mai, laden wir Sie herzlich zu den «Offenen Weinkellern 2025» ein.<br style="line-height: 1rem; height: 1rem;">Erleben Sie eine exquisite Auswahl an St. Galler Weinen, die zur Degustation und zum Kauf bereitstehen. Lassen Sie sich von einer Führung durch den Sortengarten und das Haus des Weins mit einem spannenden Sensorik-Parcours begeistern, der Ihre Sinne auf eine besondere Art und Weise anregt.<br style="line-height: 1rem; height: 1rem;">Unsere Gastgeber:Innen freuen sich darauf, Ihnen ein feines, regionales kulinarisches Angebot zu präsentieren, welches ihre Geschmacksknospen verwöhnt. Auch für etwas Süsses zum Kaffee ist selbstverständlich gesorgt. Am Samstag, den 3. Mai 2025, erwartet Sie zudem nachmittags musikalische Unterhaltung.<br style="line-height: 1rem; height: 1rem;">Seien Sie dabei - wir freuen uns auf Ihren Besuch!</p>;9.6090914;47.4256158;Obereggerstrasse 8a;9442;Berneck;https://hausdesweins-sg.ch/veranstaltungskalender/;[{'@type': 'ImageObject', 'contentUrl': 'https://sgbtpimtsoch.sos-ch-dk-2.exoscale-cdn.com/catalog/4/5/e/5/45e592212871b5d4b3c34f592c0ef30a2b3e4714_medium__RheinWelten_Haus_des_Weins_5.jpg'}];2026-05-04T12:01:14+02:00
75eea95d-6144-4e3a-b9a6-dc906a1956aa;Japanische Teezeremonie;Japanische Teezeremonie, Fokus auf sich selbst und den Moment. ;Die Gäste erleben eine japanische Teezeremonie durchgeführt von der zertifizierten Teemeisterin Tomomi Sutter Kimura. Dabei erhalten sie zusätzlich Informationen zum Tee (Matcha), zur Geschichte und Philosophie. In der Stille und Harmonie der etwa einstündigen Zeremonie finden die Gäste pure Entspannung. Reservierungen sind für Gruppen von ca. 5 - 9 Personen möglich. 

Die Teezeremonie findet üblicherweise im Square an der Universität St. Gallen (HSG) im Teehaus (2. OG) statt. Für Events können auch individuelle Anpassungen getätigt werden. Tomomi Sutter Kimura freut sich auf die Kontaktaufnahme und das Interesse. ;9.374803304672243;47.433279497653;Guisanstrasse 20;9010;St.Gallen;+41 78 682 69 61;tomomi@japanischeteezeremonie.ch;https://www.japanischeteezeremonie.ch/;[{'@type': 'ImageObject', 'contentUrl': 'https://sgbtpimtsoch.sos-ch-dk-2.exoscale-cdn.com/catalog/e/9/9/b/e99bba054b0803eb9597f5476bbfdb619b0a0a29_224__2.jpg'}];2026-04-28T19:31:13+02:00
8f856cf7-859f-4cee-a17f-d4aefb4c1194;HSG Talents Career Fair;Die Career Fair ist das Highlight der HSG Talents und bietet die Chance, in nur wenigen Stunden mit zahlreichen führenden Arbeitgebern ins Gespräch zu kommen.;<p>Die Career Fair bietet die Gelegenheit, direkt mit potenziellen Arbeitgebern ins Gespr&auml;ch zu kommen und wertvolle Kontakte zu kn&uuml;pfen &ndash; pers&ouml;nlich, unkompliziert und auf Augenh&ouml;he. An den Messest&auml;nden erhalten Besucherinnen und Besucher spannende Einblicke in die Unternehmenskultur, verschiedene Einstiegsm&ouml;glichkeiten und die Teams der teilnehmenden Unternehmen. Dar&uuml;ber hinaus bietet die Veranstaltung die M&ouml;glichkeit, konkrete Karrierechancen wie Praktika, Traineeprogramme und Einstiegspositionen f&uuml;r HSG-Studierende und Absolventinnen und Absolventen zu entdecken.</p>;9.3863783;47.433655;Splügenstrasse 12;9008;St. Gallen;https://csc.unisg.ch/en/events/hsg-talents/fuer-studierende/;[{'@type': 'ImageObject', 'contentUrl': 'https://sgbtpimtsoch.sos-ch-dk-2.exoscale-cdn.com/catalog/1/c/7/9/1c796777d25feccbdeedb8c84cae93d201982d42_large__20250225_olma_messen_3.jpg'}];2026-09-09T14:43:22+02:00
8fd23180-e7cf-4fb3-b833-d2a56a90978b;Altstadtführung St.Gallen;Öffentliche Stadtführung  ;<p>Entdecke die charmante Altstadt St.Gallens! Begib dich mit unseren Guides auf eine spannende Entdeckungsreise durch verwinkelte Gassen mit ihren Erkern und erfahre dabei Wissenswertes zur Stadtgeschichte.</p>;9.3757393;47.4231724;Bankgasse 9;9000;St.Gallen ;https://shop.st.gallen-bodensee.ch/de/products/altstadtfuehrung-stgallen;[{'@type': 'ImageObject', 'contentUrl': 'https://sgbtpimtsoch.sos-ch-dk-2.exoscale-cdn.com/catalog/4/c/8/3/4c83a5e111d688b4503ff68391f96cff565fe0ca_medium__Stadtf__hrungen__8_.jpg'}];2026-02-23T09:24:29+01:00
9430a7f3-837b-4ac9-8a55-d89a5475c2cd;Sommerbühne Kulturverein Schloss Wartegg;Konzerte im wunderschönen Schlosspark;Vom 2. Juni bis am 28. Juli steht auch dieses Jahr das märchenhafte Zelt im Warteggpark und lädt zu unvergesslichen, verträumten Sommerabenden. Für kleine und feine Häppchen und Getränke sorgt die Park-Café-Bar von Luzia Hebel-Kappenthuler von der Badi Speck, Staad (speck-catering.ch) mit Ueli Vogt.;Von Blarer Weg ;9404;Rorschacherberg;https://wartegg.ch/;[{'@type': 'ImageObject', 'contentUrl': 'https://sgbtpimtsoch.sos-ch-dk-2.exoscale-cdn.com/catalog/d/2/2/2/d22255fa3c1ec8d3c5f84d1f1615a739fe81a52e_small__Schloss_Wartegg_Aussenansicht_3.jpg'}];2026-05-04T12:01:06+02:00
95ecec91-f6c2-4107-845f-26d1c589a1f9;Glücklichmacher - by TOPAZ;Lassen Sie uns gemeinsam Gutes tun, denn Gutes tun ist Trend!;Wollten Sie schon immer mal einen etwas anderen Teamanlass organisieren? Dann ist dieser Event mehr als nur eine Glückssache! Sie erleben einen Tag als Team, fernab von der alltäglichen Arbeit. 

TOPAZ schneidert ein auf Ihre Wünsche abgestimmtes Angebot und bringt Sie an einen Ort, wo Sie etwas Nachhaltiges und Positives bewirken können. Ein Event mit Ausstrahlung, bei dem Sie auf Ihre Gruppenleistung besonders stolz sein können!;9.373580217361452;47.3895765279229;Hauptstrasse 59;9053;Teufen;+41 71 787 51 15;info@zeitreisen.ch;https://zeitreisen.ch;[{'@type': 'ImageObject', 'contentUrl': 'https://sgbtpimtsoch.sos-ch-dk-2.exoscale-cdn.com/catalog/3/5/e/5/35e592767586aff5b64a6a27efa4a890b3355ad9_Bild_04.jpg'}];2026-05-04T12:01:06+02:00
988853dc-d06d-44b0-ac46-2679d5b22b99;öffentliche Bratwurst-Degustation ;Degustationsseminar;<p style="-webkit-font-smoothing: antialiased; margin-right: 0px; margin-left: 0px;">Sie gilt als die berühmteste Ostschweizerin: Die St.Galler Bratwurst! Bereits 1438 wurde das Rezept für die Wurst erstmals erwähnt. Doch was wissen wir eigentlich über das kulinarische Kulturgut? Welche Zutaten sind in der Wurst enthalten und warum geniesst man sie ohne Senf? Und die Frage aller Fragen ist: Wer produziert die beste St.Galler Bratwurst?</p><p style="-webkit-font-smoothing: antialiased; margin-right: 0px; margin-left: 0px;">Beim Degustationsseminar geht es also wortwörtlich um die Wurst. Wir führen dich spielerisch an die emotionale Thematik heran und lüften ihr Geheimnis. Du hast die einmalige Gelegenheit, Bratwürste verschiedener Produzenten nebeneinander zu degustieren und zu entscheiden, welche Bratwurst dein Favorit ist.</p><p style="-webkit-font-smoothing: antialiased; margin-right: 0px; margin-left: 0px;">Unsere Degustationsleiter Josef Niedermann &amp; Andreas Koller der Sortenorganisation St.Galler Bratwurst erklären dir dabei die feinen Unterschiede. Passend dazu geniesset du ein Bier der Brauerei Schützengarten, welches hervorragend mit der Bratwurst harmoniert und ein krosses Bürli, dass deinen Gaumen zum Tanzen bringt.</p><p style="-webkit-font-smoothing: antialiased; margin-right: 0px; margin-left: 0px;">Im Preis von CHF 49.00 sind enthalten: 1 Getränk / Person, Bürli, Bratwurst-Degustation.</p><p style="-webkit-font-smoothing: antialiased; margin-right: 0px; margin-left: 0px;">Das Angebot ist bis 2 Tage im Voraus online buchbar.</p><p style="-webkit-font-smoothing: antialiased; margin-right: 0px; margin-left: 0px;">Hinweis: Die Mindestteilnehmerzahl beträgt 10 Personen. Die maximale Teilnehmerzahl beträgt 20 Personen. Bitte buche ab 6 Personen eine&nbsp;<a href="https://st.gallen-bodensee.ch/de/erlebnisse/fuehrungen/private-fuehrungen/bratwurst-degustation.html" target="_blank" rel="nofollow" style="-webkit-font-smoothing: antialiased; background-image: initial; background-position: initial; background-size: initial; background-repeat: initial; background-attachment: initial; background-origin: initial; background-clip: initial; outline: 0px; cursor: pointer; -webkit-tap-highlight-color: transparent; line-height: inherit;">Privatführung</a>.</p>;9.3749759;47.4255301;Marktplatz 11;9000;St.Gallen ;https://shop.st.gallen-bodensee.ch/de/products/bratwurstdegustation;[{'@type': 'ImageObject', 'contentUrl': 'https://sgbtpimtsoch.sos-ch-dk-2.exoscale-cdn.com/catalog/d/8/8/f/d88fd45cc1542f765d6cf0d82636469532184a0a_medium__Bratwurst_Degustation_06__2_.jpg'}];2026-05-04T12:01:05+02:00
a34166fe-20bb-47bc-81bc-57aea26158f6;St.Gallen à la Carte –  Ihr ganz individueller Ausflug oder Teamevent ;Ein Tag in St. Gallen voller Kultur, Genuss, Rätsel und spannende Einblicke.;<p class="MsoNormal">Ein unvergesslicher Tag in St.Gallen &ndash; Starten Sie Ihr Teamevent oder Firmenerlebnis mit einem reichhaltigen Brunch &ndash; der perfekte Auftakt f&uuml;r einen spannenden Tag voller individueller Erlebnisse. Nach dem Brunch k&ouml;nnen die Teilnehmer ihr bevorzugtes Programm nach ihren Interessen w&auml;hlen:</p><ul><li class="MsoNormal">&laquo;Kultur&raquo;: Eine spannende Stadtf&uuml;hrung durch St.Gallen, die Geschichte und Geschichten der Stadt lebendig werden l&auml;sst.</li><li class="MsoNormal">&nbsp;&laquo;Genuss&raquo;: Biberli backen in einer der &auml;ltesten B&auml;ckereien der Stadt &ndash; ein s&uuml;sses Highlight f&uuml;r alle.</li><li class="MsoNormal">&laquo;Outdoor Escape Room&raquo;: Teamgeist, R&auml;tselspass und Spannung pur f&uuml;r Ihr Teamerlebnis.</li><li>&laquo;Wissenschaft&raquo;: Faszinierende Einblicke bei der Empa &uuml;ber die Entwicklung innovativer Materialien und Technologien.</li><li>&laquo;Textil&raquo;: Ein Blick auf Stoffe und Textilkunst vergangener Jahrhunderte &ndash; Inspiration&nbsp;inklusive.</li></ul><p>Den Abschluss bildet ein gem&uuml;tlicher Grillap&eacute;ro mit den &laquo;famous 4 B&raquo; Bier, Bratwurst, B&uuml;rli und Biberli &ndash; der perfekte Ausklang f&uuml;r Ihr Teamevent, Firmen- oder Vereinsausflug.</p>;9.3755977;47.4232683;Bankgasse 9;9001;St.Gallen;[{'@type': 'ImageObject', 'contentUrl': 'https://sgbtpimtsoch.sos-ch-dk-2.exoscale-cdn.com/catalog/4/b/b/f/4bbf0af12f830beff2c3e549fcb265b578523346_Stadtf__hrungen_Gallusplatz_2.jpg'}];2026-06-15T16:06:15+02:00
a6edd5f8-7611-4214-8de5-01758025c0a7;Innovation hautnah – Besuch in der EMPA;Innovation hautnah: Entdecken Sie Experimente, Technik und Materialien bei der EMPA in St. Gallen;<p class="MsoNormal">Tauchen Sie mit Ihrer Gruppe ein in die Welt der Forschung, Technologie und Innovation! Bei einem exklusiven Besuch der EMPA in St. Gallen erleben Sie modernste Materialien, spannende Experimente und zukunftsweisende Technologien hautnah.<br>Ein Erlebnis, das Neugier weckt, Inspiration liefert und gleichzeitig Wissen vermittelt &ndash; ideal f&uuml;r Firmen, Vereine oder Schulgruppen, die mehr als nur einen gew&ouml;hnlichen Ausflug suchen.</p><p class="MsoNormal">Abgerundet wird der Tag auf Wunsch mit einem gemeinsamen Ap&eacute;ro oder Mittagessen, das individuell buchbar ist.</p>;9.3407034;47.4125922; Lerchenfeldstrasse 5;9014;St.Gallen;[{'@type': 'ImageObject', 'contentUrl': 'https://sgbtpimtsoch.sos-ch-dk-2.exoscale-cdn.com/catalog/5/7/6/0/5760b3792a53f4490358b726100594901c29ea0e_Keystory_2023_Empa_2.jpg'}];2026-08-20T10:55:03+02:00
ae36d1a2-2da6-47bb-92ee-65c1df8c74bb;Schweizer Statistiktage 2026;Die Schweizer Statistiktage 2026 finden vom 25. bis 27. August 2026 im Würth Haus Rorschach statt.;<p>Die Schweizer Statistiktage sind das j&auml;hrliche Treffen der Statistikerinnen und Statistiker in der Schweiz. Sie dienen dem fachlichen Austausch sowie der Diskussion aktueller Entwicklungen aus Forschung, Methodik und Praxis. Die Veranstaltung richtet sich an Fachleute aus Bildung und Forschung, Privatwirtschaft und &ouml;ffentlicher Statistik und steht allen offen.</p>;9.5063374;47.4785163;Churerstrasse 10;9400;Rorschach;[{'@type': 'ImageObject', 'contentUrl': 'https://sgbtpimtsoch.sos-ch-dk-2.exoscale-cdn.com/catalog/1/a/e/f/1aef86a0ed9a575b3357b15b994f9cf8fe786863_W__rth_Haus_Rorschach_Skulpturengarten_1.jpg'}];2026-08-27T22:00:16+02:00
b158847f-70e4-459e-b706-dae903d1f0a0;Connect Switzerland 2027;Gemeinsam mit St.Gallen-Bodensee Tourismus freuen wir uns, Sie am 24. und 25. Mai 2027 zur 29. Ausgabe des Events in St.Gallen zu begrüssen.;<p>Neben zahlreichen Gelegenheiten zum Networking bietet die zweit&auml;gige Veranstaltung eine Plattform f&uuml;r den Austausch &uuml;ber topaktuelle Branchenthemen. Inspirierende Keynotes, spannende Podiumsdiskussionen und praxisnahe Breakout Sessions greifen relevante Fragestellungen auf und setzen wertvolle Impulse f&uuml;r die Tourismusbranche.</p>;9.3863783;47.433655;Splügenstrasse 12;9008;St. Gallen;[{'@type': 'ImageObject', 'contentUrl': 'https://sgbtpimtsoch.sos-ch-dk-2.exoscale-cdn.com/catalog/0/0/e/0/00e0e271e3d9cd625a0b7d06c7f111d7d0dcdf82_large__Keystory_2023_Stiftsbezirk_1.jpg'}];2026-09-08T20:32:33+02:00
b582b4b5-982a-404f-a0b5-7d7a1a880497;TongueTime Congress;Internationaler Fachkongress für interdisziplinären Austausch rund um das Thema Zungenbändchen und orofaziale Gesundheit.;<p class="isSelectedEnd">Der TongueTime Congress 2027 findet vom 8. bis 10. Juli 2027 in St.Gallen statt. Als internationaler Fachkongress bringt die Veranstaltung Fachpersonen aus verschiedenen Disziplinen zusammen, um aktuelle Erkenntnisse, innovative Ans&auml;tze und wissenschaftliche Entwicklungen rund um das Thema Zungenb&auml;ndchen und orofaziale Gesundheit zu diskutieren.</p><p>Das Programm umfasst Fachvortr&auml;ge, praxisorientierte Workshops, professionellen Austausch und eine vielf&auml;ltige Fachausstellung. Mehr als 1'000 Fachpersonen und &uuml;ber 40 renommierte Referentinnen und Referenten werden erwartet.</p>;9.3863783;47.433655;Splügenstrasse 12;9008;St. Gallen;[{'@type': 'ImageObject', 'contentUrl': 'https://sgbtpimtsoch.sos-ch-dk-2.exoscale-cdn.com/catalog/3/2/c/4/32c49e937416612882bfee8eb9103254d31f7d07_large__20250225_olma_messen_10__2_.jpg'}];2026-09-09T14:32:54+02:00
baf9496b-a6d5-44ac-b124-8064b78d7e2b;Die Weihnachtstanne kommt geflogen;Transport der Tanne;<p class="MsoNormal">Während der Adventszeit trägt der Christbaum auf dem
Klosterplatz zur weihnachtlichen Stimmung in St.Gallen bei. Die Tanne wird wie
jedes Jahr per Helikopter in den Stiftsbezirk geflogen - dieses Jahr stammt der
Baum aus dem Riethüsli.&nbsp;<o:p></o:p></p><p class="MsoNormal">Geplant ist der Transport von 12.-14. November.&nbsp;Der
Flug ist wetterabhängig. Allfällige Änderungen zum Anflug werden kurzfristig
kommuniziert.<o:p></o:p></p><p>



<span style="line-height: 107%;">Geschmückt wird die Tanne am 25. November - der
Schmuck stammt dieses Jahr von der HPV Uzwil-Flawil.&nbsp;</span><br></p>;9.3771709;47.4235488;9000;St.Gallen ;[{'@type': 'ImageObject', 'contentUrl': 'https://sgbtpimtsoch.sos-ch-dk-2.exoscale-cdn.com/catalog/8/8/6/6/8866156d36d8689c979e7d92854beb388cb43d1a_medium__Christbaum_Weihnachten_10.jpg'}];2026-05-04T12:00:58+02:00
bc8d7d0e-4320-413b-9d38-ed6a745659e7;Immo Digital Ost 2027;Der Immo Dialog Ost ist das führende, jährliche Immobilienforum der Ostschweiz. Es dient Fach- und Führungskräften aus Entwicklung, Architektur, Verwaltung, Bau und Finanzwelt als Networking-Plattform.;<p class="isSelectedEnd">Als bedeutender Treffpunkt f&uuml;r die Immobilienbranche in der Ostschweiz bietet die Immo Digital Ost Fachpersonen und Entscheidungstr&auml;gerinnen und Entscheidungstr&auml;gern eine Plattform f&uuml;r Austausch und Networking.</p><p>Vertreterinnen und Vertreter aus den Bereichen Entwicklung, Architektur, Verwaltung, Bau und Finanzwesen kommen zusammen, um bestehende Kontakte zu pflegen, neue Verbindungen zu kn&uuml;pfen und sich innerhalb der Branche auszutauschen.</p>;9.3863783;47.433655;Splügenstrasse 12;9008;St. Gallen;https://immo-dialog.ch/;[{'@type': 'ImageObject', 'contentUrl': 'https://sgbtpimtsoch.sos-ch-dk-2.exoscale-cdn.com/catalog/1/8/a/a/18aa347c26a33fc3a89473ca4985f813b837f55b_20260319_Galledia_ImmoDialogOst_21_small.jpg'}];2026-09-09T20:43:27+02:00
c6842904-1a1f-45bd-8c1a-0d7156679434;Escape Game Outdoor St. Gallen ;Erleben Sie ein Escape Abenteuer in St. Gallen voller Rätsel und Teamgeist.;<p>Mitten in der historischen Altstadt von St. Gallen taucht Ihr Team in ein packendes Outdoor-Escape-Abenteuer ein.<br>Ausgestattet mit Tablets, Hinweisen und kniffligen Missionen l&ouml;st die Gruppe R&auml;tsel an realen Schaupl&auml;tzen.<br>Teamwork, Logik und Kreativit&auml;t entscheiden dar&uuml;ber, ob Sie den Fall rechtzeitig knacken. Die Route f&uuml;hrt vorbei an versteckten Gassen, Pl&auml;tzen und &uuml;berraschenden Spots der Stadt.<br>Ein Erlebnis, das verbindet, fordert und jede Gruppe in Bewegung bringt.</p>;9.3755977;47.4232683;Bankgasse 9;9001;St.Gallen;[{'@type': 'ImageObject', 'contentUrl': 'https://sgbtpimtsoch.sos-ch-dk-2.exoscale-cdn.com/catalog/4/e/4/7/4e4718fe42b8a7fd0639ba82f783851b8424df9a_Jpg_Blackout_5.jpg'}];2026-06-12T16:48:36+02:00
d1cfd28d-d1b5-4f21-891b-94ad1a358712;Altstadtführung St.Gallen mit Kathedrale & Stiftsbibliothek;Öffentliche Stadtführung;<p>Der St.Galler Stiftsbezirk geh&ouml;rt seit 1983 zum UNESCO-Weltkulturerbe. Das &uuml;ppige Barockensemble samt Bibliothek und Kathedrale lassen selbst Kulturmuffel in atemloses Staunen verfallen. W&auml;hrend der F&uuml;hrung erf&auml;hrst du Interessantes &uuml;ber die barocke Kathedrale mit ihrer imposanten Doppelturmfassade &ndash; das Wahrzeichen der Stadt und eine der letzten monumentalen Klosterbauten des Barocks. Das Herzst&uuml;ck des Stiftsbezirks bildet die Stiftsbibliothek, die zu den &auml;ltesten und sch&ouml;nsten Bibliotheken der Welt z&auml;hlt. Dieser Rundgang f&uuml;hrt auch durch einen Teil der Altstadt.</p>;9.3755977;47.4232683;Bankgasse 9;9000;St.Gallen ;https://shop.st.gallen-bodensee.ch/de/products/altstadtrundgang-mit-kathedrale-und-stiftsbibliothek;[{'@type': 'ImageObject', 'contentUrl': 'https://sgbtpimtsoch.sos-ch-dk-2.exoscale-cdn.com/catalog/b/e/0/c/be0c21b9a42dd3ef943738a664f1e91943ed1157_SF_Altstadt_Stibi_0_Stadtfuehrung_Stiftsbibliothek.jpg'}];2026-05-04T12:00:51+02:00
d60c4d83-ed67-464d-95ad-e93e088c7091;Sternenstadt St.Gallen;Adventliches St.Gallen: Stadt der Sterne vom 26. November bis 24. Dezember 2026;<p>Jedes Jahr zur Adventszeit verwandelt sich die Stadt St.Gallen in ein Meer aus &uuml;ber 600 Sternen. Sie funkeln und tanzen in einer eigens f&uuml;r die Sternenstadt erdachten Lichtchoreografie und tauchen die St.Galler Altstadt mit dem UNESCO-Weltkulturerbe Stiftsbezirk in ein magisches Licht. Der stimmungsvolle Weihnachtsmarkt auf dem Gallusplatz sowie die speziell geschm&uuml;ckte Weihnachtstanne auf dem Klosterplatz, &ndash; mitten im Stiftsbezirk &ndash; bescheren der Sternenstadt einen zus&auml;tzlichen festlichen Weihnachtsglanz.</p><p>Eine &Uuml;bersicht der Advents-Events der Sternenstadt ist <a href="https://www.sternenstadt.ch/adventsevents" target="_blank" rel="noopener">hier</a> ersichtlich.&nbsp;</p>;9.3762397;47.425618;St.Gallen;https://www.sternenstadt.ch/;[{'@type': 'ImageObject', 'contentUrl': 'https://sgbtpimtsoch.sos-ch-dk-2.exoscale-cdn.com/catalog/8/4/6/b/846b431d1010b2cf8e52792d0ea7bd152b5d4c11_medium__Sternenstadt_2023_Kathedrale.jpg'}];2026-08-25T20:53:04+02:00
e9d10421-3124-4e96-912f-8271c664c7f7;Schweizer Mehrkampf-Meisterschaften 2026 ;Auf der Sportanlage Landhaus im appenzellischen Teufen messen sich Schweizer Mehrkämpferinnen und Mehrkämpfer über zwei Tage hinweg im Kampf um nationale Titel und Medaillen.;<p>Am 27. und 28. Juni 2026 gastiert die nationale Mehrkampf-Elite in Teufen: An den Schweizer Mehrkampf-Meisterschaften messen sich Athletinnen und Athleten im Zehnkampf und Siebenkampf sowie weiteren Mehrkampfformaten. Der Mehrkampf gilt als K&ouml;nigsdisziplin der Leichtathletik und bietet w&auml;hrend zwei Tagen spannenden Sport auf h&ouml;chstem Niveau. Es werden rund 400 Teilnehmende (Aktive bis U16) erwartet.</p>;9.3927314;47.3894911;Landhausstrasse 3;9053;Teufen;https://www.swiss-athletics.ch/sm-mehrkampf/;[{'@type': 'ImageObject', 'contentUrl': 'https://sgbtpimtsoch.sos-ch-dk-2.exoscale-cdn.com/catalog/e/3/2/4/e3244ba87073cacaa9ae4ab657a0b9e8965d2a3e_Swiss_Athletics__SM_Mehrkamp.png', 'caption': {'de': 'Mehrkamp Sportler', 'en': 'All-around athletes'}}];2026-06-28T17:00:51+02:00
ef0df2bf-a7a6-4e24-b837-075037f93137;Coiffure Suisse – Delegiertenversammlung;Die Delegierten des Coiffure Suisse treffen sich in St.Gallen.;<p class="isSelectedEnd">Die Delegiertenversammlung von Coiffure Suisse bringt Delegierte, Vertreterinnen und Vertreter der Branche aus der ganzen Schweiz zusammen. Im Mittelpunkt stehen aktuelle Themen, wichtige Entwicklungen und gemeinsame Entscheidungen, welche die Zukunft des Coiffeurgewerbes mitgestalten.</p><p>Neben dem offiziellen Teil bietet die Veranstaltung eine wertvolle Gelegenheit zum pers&ouml;nlichen Austausch und zur Pflege des beruflichen Netzwerks. Eine wichtige Zusammenkunft f&uuml;r alle, die sich aktiv f&uuml;r die Interessen und die Zukunft der Schweizer Coiffeurbranche engagieren.</p>;9.3754457;47.4214519;Berneggstrasse 2;9000;St. Gallen;[{'@type': 'ImageObject', 'contentUrl': 'https://sgbtpimtsoch.sos-ch-dk-2.exoscale-cdn.com/catalog/0/7/8/1/0781fb07d34f27c949b9c7e69f9780723285b641_large__Einstein_St.Gallen_Aussen___3_.jpg'}];2026-09-08T14:31:56+02:00
