id;name;disambiguatingDescription;description;longitude;latitude;streetAddress;postalCode;addressLocality;telephone;email;url;image;dateModified02a8cc26-2113-4996-9cfa-f056b46c1893;B&B Niederer;Heimelige Unterkunft im Herzen des Appenzellerlandes.;<p>Das heimelige Dorf B&uuml;hler im Appenzeller Mittelland ist idealer Ausgangspunkt f&uuml;r Wanderungen in den sanften H&uuml;geln oder im Alpstein mit S&auml;ntis, Hohem Kasten, Ebenalp und Kronberg. In der N&auml;he liegen das malerische Dorf Appenzell, das Rheintal oder St.Gallen. Im heimeligen Weberhaus mit viel Charme kann der Gastgeberin beim Handweben &uuml;ber die Schultern geschaut werden.</p>;9.4261223;47.3737219;Oberdorf 9;9055;Bühler;+41 77 431 92 19;h.niederer@bluewin.ch;https://bnb.ch/de/bnb/1662;[{'@type': 'ImageObject', 'contentUrl': 'https://sgbtpimtsoch.sos-ch-dk-2.exoscale-cdn.com/catalog/7/2/2/1/72214f74d2335e4b30016446745eb17245bc46f4_BnB_Niederer_3.jpg'}];2026-08-25T17:02:42+02:00
035d1c45-c0ce-4873-a959-2c45b292925a;Säntis Lodge;Im Herzen von Churfirsten, Säntis und Klangwelt. ;Die Säntis Lodge liegt inmitten vom Toggenburg, genauer gesagt in Unterwasser. Als Ferienort zeichnet sich Unterwasser besonders durch die charakteristische Berglandschaft aus. Neben der wunderschönen Landschaft bietet Unterwasser alles, was Gäste für gelungene Ferien brauchen. In der Säntis Lodge, dem Kernstück von Berg & Bett, werden Ferien zu dem, wofür sie gemacht sind.

Werden die Gäste gefragt, was ein Aufenthalt im Berg & Bett im Toggenburg einzigartig macht, so sind die Antworten unterschiedlich. Für die einen ist es die grosszügige und zugleich kuschelige Atmosphäre. Für die anderen ist es die Toggenburger Bergwelt. Wieder andere haben sich in das breitgefächerte und familienfreundliche Aktivitäten-Angebot der Region und der Säntis Lodge verliebt. Aber trotz der unterschiedlichen Rückmeldungen ist es vor allem eines, weswegen die Gäste gerne wiederkommen: das Team von Berg & Bett.

Zum Angebot der Säntis Lodge gehören: 
- Zwei Kinovorstellungen pro Tag um 16.00 Uhr (Kinderfilm) und 20.00 Uhr
- Entertainment (Ping-Pong, Billard, Tischfussball)
- Indoor-Lounge/Co-Workspace mit Highspeed-WIFI (Erwachsene)
- Kinderspielzimmer mit Bällebad
- Outdoor-Lounge (Sommer)
- Kinderspielplatz aussen (Sommer)
- Gästekarte für Ihr exklusives Erlebnis
- 1 Eintritt ins Hallenbad für das Reka Feriendorf
;9.313316573154678;47.1963286;Hauptstrasse 16;9657;Unterwasser;+41 71 999 27 27;info@bergundbett.ch;https://bergundbett.ch/;[{'@type': 'ImageObject', 'contentUrl': 'https://sgbtpimtsoch.sos-ch-dk-2.exoscale-cdn.com/catalog/2/a/d/8/2ad83df301e1dab12c5becdfbf24f0eb13f02aa6_TT_2023_S__ntisLodge_04.jpg'}];2026-07-09T09:08:35+02:00
0a975f26-5d2b-4e65-8140-15f6063dbb29;Sunehus - Ferienwohnung und Hot Pot;Hier im Sunehus in der Lustmühle dürfen sich die Gäste wohlfühlen, geniessen und Energie tanken.;Das luftige Studio im ikonischen Bio-Holz-Designhaus ist für zwei Personen buchbar. Per Bahn oder Bus dauert es weniger als zehn Minuten ins Zentrum von St.Gallen und etwas über eine Stunde nach Zürich. Der Wohnort ist eindrücklich mit toller Aussicht in die Berge. 

Das Studio ist frisch und komfortabel umgebaut. Es besteht aus:
- zwei Einzelbetten, die als Doppelbett hergerichtet werden können
- Dusche und kleines WC 
- kleine eingerichtete Küche 
- Essbereich 
- Wohnbereich mit schöner Aussicht 
- Arbeitsplatz 
- eigener Eingang durch Garage (Autoabstellplatz verfügbar wenn gewünscht). 
- Garten mit traumhafter Aussicht zur Mitbenützung 

Die Vermieter wohnen im oberen Stock. Zwei Elektrofahrräder stehen Ihnen kostenlos zur Verfügung, um die Umgebung zu erkunden.

Wer ausspannen und sich etwas Gutes tun möchte, verbringt wohlige Stunden im Hot Pot und geniesst dabei die freie Sicht auf den Alpstein. Das Sprudelvergnügen lässt sich perfekt mit einer Übernachtung im Studio Sunehus kombinieren. Und für Sprudel ist nicht nur im Bad gesorgt, eine Flasche Prosecco verwöhnt auch noch prickelnd den Gaumen.;9.355609416961672;47.396521235591536;Lindenstrasse 9;9062;Lustmühle;+41 76 523 26 61;stephen@zeitreisen.ch;https://sunehus.ch;[{'@type': 'ImageObject', 'contentUrl': 'https://sgbtpimtsoch.sos-ch-dk-2.exoscale-cdn.com/catalog/4/6/1/2/4612dba0bc62b907b772cf0354d1a11ff580181b_Sternenlodge_im_Appenzellerland__3_Tage___1___1_.jpg'}];2026-03-04T08:31:28+01:00
1008ed9f-e2c7-4d49-ba1e-cf755f8a7e0c;Purehomes;Hochwertige, vollausgestattete Service-Wohnung an ruhiger Lage, Nähe See.;<p>Willkommen in unserer charmanten 45 m&sup2; Wohnung in St. Gallen Sankt Georgen &ndash; der perfekte R&uuml;ckzugsort f&uuml;r Ihren Aufenthalt! Diese liebevoll eingerichtete Unterkunft bietet Ihnen alles, was Sie f&uuml;r einen komfortablen Aufenthalt ben&ouml;tigen. Die voll ausgestattete K&uuml;che l&auml;dt dazu ein, Ihre Lieblingsgerichte zuzubereiten, w&auml;hrend das moderne Badezimmer mit frischen Handt&uuml;chern, Seife und Shampoo ausgestattet ist. Im gem&uuml;tlichen Schlafzimmer finden Sie erholsame N&auml;chte, und die ausziehbare Couch im Wohnbereich bietet zus&auml;tzlichen Platz f&uuml;r bis zu zwei G&auml;ste. Genie&szlig;en Sie Ihre Morgenkaffee oder entspannen Sie nach einem ereignisreichen Tag auf dem Balkon mit Blick auf die Umgebung. Der Parkplatz direkt vor der T&uuml;r macht das Ankommen und Abfahren besonders bequem. In der N&auml;he erwartet Sie ein wundersch&ouml;ner See, ideal f&uuml;r entspannte Spazierg&auml;nge oder sportliche Aktivit&auml;ten. Zudem profitieren Sie von Highspeed-Internet und einem Netflix-Zugang, sodass Sie auch w&auml;hrend Ihres Aufenthalts unterhalten werden. F&uuml;r zus&auml;tzlichen Komfort bieten wir optionale Reinigungsdienste an. Bei uns finden Sie alles, was Sie f&uuml;r einen unvergesslichen Aufenthalt ben&ouml;tigen &ndash; wir freuen uns auf Ihren Besuch!</p>;9.3979202;47.4147397;St. Georgenstrasse 211;9011;St.Gallen;+41 765130541;info@purehomes.ch;https://www.airbnb.ch/rooms/1506305295211640543?guests=1&adults=1&s=67&unique_share_id=81599b66-d425-4744-b8e2-9d38ab7ffa07;[{'@type': 'ImageObject', 'contentUrl': 'https://sgbtpimtsoch.sos-ch-dk-2.exoscale-cdn.com/catalog/0/f/c/d/0fcd47cda63cfc63761650047309ab660add7016_St._Gallen_web__40_von_101_.jpg'}];2026-01-22T10:15:50+01:00
14837aff-3b6c-4bf7-83b1-f7985e72c61a;Apartment Dufour;Das 3-Zimmer-Apartment im Hotel Hecht;Wo sich die Hügel des Appenzellerlandes, die Rheintalebene und die Bodenseelandschaft begegnen, liegt das historische Städtchen Rheineck. Und hier, zwischen dem ältesten Siedlungsteil, dem Fahr und den dichtgefügten Gassen der früheren Stadtmauern, begrüsst das Hotel Hecht seine Gäste. 

Im Hotel Hecht steht ein hübsches 3-Zimmer-Apartment (klimatisiert) zur Verfügung, welches für einen kürzeren oder längeren Urlaub in der Gegend vermietet wird. Zum Hotel Hecht mit 14 Zimmern (klimatisiert) gehören im Erdgeschoss ein Restaurant mit 60 Plätzen und eine Sonnenterrasse für 60 Personen. Das Restaurant mit Terrasse und die Smokers-Lounge sind öffentlich. 

Die Unterkunft: Das 3-Zimmer-Apartment befindet sich im 1. Stock des Hotel Hecht und hat zwei Schlafzimmer, ein kleines Wohnzimmer, eine kleine Küche und ein Bad mit WC. Alle drei Zimmer sind klimatisiert und mit grossem TV ausgestattet. Zudem haben die Gäste alle Annehmlichkeiten eines Hotels und Restaurants im Haus. 

Zugang für Gäste: Die Gäste benützen den Hoteleingang. Das Apartment im 1. Stock (kein Lift) ist privat. Am Sonntag und Montag ist das Restaurant geschlossen. Die Rezeption ist täglich besetzt. 

Weitere wichtige Hinweise: Bei Aufenthalten ab 4 Tagen gibt es wöchentlich einen Wäschewechsel und für Fr. 12.00 (anstatt Fr. 18.00) darf im Hotel gefrühstückt werden.;9.5918208;47.4647847;Hauptstrasse 51;9424;Rheineck;+41 71 888 29 25;info@hotelhecht-rheineck.ch;https://hotelhecht-rheineck.ch/;[{'@type': 'ImageObject', 'contentUrl': 'https://sgbtpimtsoch.sos-ch-dk-2.exoscale-cdn.com/catalog/9/6/9/6/96966dedb360f8f4a5216816dc992d225d9546c6_TDS00020013459833615_sized_800_0.jpg'}];2026-07-14T16:11:42+02:00
14c71dd5-60b0-4821-8e63-a20f039b382b;Hotel Balga;Das Natur- und Bikehotel im St.Galler Rheintal;Das Natur- und Bikehotel Balga, ein kleines aber schickes Plätzchen, mitten im Dorfkern von Balgach. Abseits urbaner Hektik. Hier, auf dem Land, ist die Natur unser Lebenselixier. Die Weinberge sind unser Zuhause. Unsere Passion fürs Biken echt. Deshalb sind wir auch ein zertifiziertes 3-Sterne Bikehotel und setzen alles daran, dass ihr euch bei uns wohlfühlt. Ganz nah an der Natur – und zwar das ganze Jahr hindurch.

Unsere Zimmer sind modern und gemütlich zugleich. Zeitlos und schlicht – mit dem höchsten Schlafkomfort für unsere Gäste. Eine umfangreiche Bike-Infrastruktur mit Fahrrad-Waschanlage, E-Bikeladestation, Ersatzteile-Shop, Waschmaschine und Tumbler sowie ein 24-Stunden-Check-in und kostenlose Parkplätze machen den Aufenthalt bei uns im
Balga bequem und einfach. Und dank verschiedenster Zimmerkategorien seid ihr als Paar, Familie, allein oder mit Freunden bestens versorgt.

Im hoteleigenen Restaurant Hedwig servieren wir zum Frühstück ein Buffet aus regionalen Leckereien, mittags gibt es hausgemachte Menü's und abends naturnahe Gerichte zum Teilen – passend zur Saison und zum gemeinsamen Geniessen.;9.607920000000036;47.40694;Rietstrasse 2;9436;Balgach;+41 71 722 18 61;hallo@hotel-balga.ch;https://hotel-balga.ch/;[{'@type': 'ImageObject', 'contentUrl': 'https://sgbtpimtsoch.sos-ch-dk-2.exoscale-cdn.com/catalog/d/1/f/e/d1fe9726f53ac4f664e30f65d3d4aebbfbc79ddc_Hotel_Balga_9140_web__2.jpg'}];2026-09-01T00:24:02+02:00
1b95a540-fa27-4257-bf34-4040d34532a5;Restaurant - Hotel de Charme Römerhof;Charmantes Boutiquehotel* mit historischem Flair und ausgezeichneter Küche im Herzen von Arbon;Das Boutiquehotel Römerhof in Arbon verbindet historischen Charme mit modernem Komfort. Elf individuell eingerichtete Zimmer, ein von Gault Millau ausgezeichnetes Gourmetrestaurant und zwei historische Bankettsäle schaffen den idealen Rahmen für besondere Anlässe, Tagungen und genussvolle Aufenthalte.

Die sonnige Terrasse über den alten Stadtmauern sowie die exklusive Davidoff Cigar Lounge bieten Raum für Entspannung. Dank der zentralen Lage im historischen Dorfkern von Arbon und der unmittelbaren Nähe zum Bodensee ist der Römerhof sowohl für private Aufenthalte als auch für geschäftliche Anlässe bestens geeignet.

Der Römerhof steht für Geschichte, Eleganz, kulinarische Höhepunkte und herzliche Gastfreundschaft.;9.43359;47.51638;Freiheitsgasse 3;9320;Arbon;+41 71 447 30 30;info@roemerhof-arbon.ch;https://www.roemerhof-arbon.ch/;[{'@type': 'ImageObject', 'contentUrl': 'https://sgbtpimtsoch.sos-ch-dk-2.exoscale-cdn.com/catalog/5/d/1/7/5d17659dbbd2c3a3db90db9e2cd7f4a0a0fe2f63_Aussenansicht.jpg'}];2026-05-26T15:34:03+02:00
20147f3c-0fc4-4749-80ac-778e64c0f09f;Villa Donkey - Ferien- und Erlebnisdorf in Degersheim (SG);Familienfreundliches Glamping Dörfli mit viel Platz für Abenteuerlustige, die gerne in Holz-Tipis, mongolischen Jurten oder Alpenchalets übernachten.;Dieses "Glamping"-Village bietet Familien, Abenteuerlustigen, Goldgräbern, Geniessern, Wanderern, Schulen, Jungwacht, Blauring und Pfadfindern alles, was ihren Aufenthalt zu einem einmaligen Erlebnis macht. 

Ob in der Welt der Indianer inklusive Übernachtung im Tipi, die spezielle farbenfrohe Atmosphäre einer mongolischen Jurte oder das heimelige Ambiente eines Alpenchalets – es bietet für jede und jeden das passende Abenteuer. Die Villa Donkey bietet auch Einzel- und Doppelzimmer sowie verschiedene Ferienwohnungen an.
;9.1930596;47.3704296;Hauptstrasse 115;9113;Degersheim;+41 76 376 70 05;info@villadonkey.ch;http://www.villadonkey.ch/;[{'@type': 'ImageObject', 'contentUrl': 'https://sgbtpimtsoch.sos-ch-dk-2.exoscale-cdn.com/catalog/f/3/c/9/f3c9271b8af13b99f8efe62b0276d50e905bb76e_Villa_Donkey_Village.jpg'}];2026-08-31T23:24:46+02:00
2195c246-9561-480f-8bb6-eb20d302bddf;Gasthaus Traube Buchs;Das traditionsreiche Gasthaus Traube in Buchs freut sich auf herzliche und spannende Begegnungen aller Coleur.;Hier dreht sich alles um die Gäste. Um ihn, es, sie, euch, dich. Die Gäste werden mit Genuss auf dem Teller und aus dem Weinglas verwöhnt, mit Einfachem und Schönem, mit herzlichen Begegnungen und allerhand Köstlichem, serviert in den denkmalgeschützten Räumlichkeiten. . Im angrenzenden neuen Boutique-Hotel trifft ein vergnügtes Spiel mit Materialien auf Schlichtheit und Design. Hier sitzt jedes Detail. Der Garten als verbindendes Element mit mehreren kleinen, lauschigen Plätzen ist ein Ort zum Entdecken mitten in der Stadt. Hier verschmelzen die Tradition des Gasthauses mit dem modernen Hotel zu einer Oase der entspannten Begegnung und des ungetrübten Genusses für alle Sinne.;9.4694649;47.1654743;St. Gallerstrasse 7;9470;Buchs;+41 81 750 55 22;markom@gasthaus-traube.ch;https://gasthaus-traube.ch/de/;[{'@type': 'ImageObject', 'contentUrl': 'https://sgbtpimtsoch.sos-ch-dk-2.exoscale-cdn.com/catalog/4/1/0/8/4108a3325353eb91f5dd42cc9a9f489d3626663d_GasthausTraube_Hotelzimmer_23_06_05.jpg'}];2026-09-01T00:49:28+02:00
238aec76-22c6-4c60-b36e-e7a8efd723af;Hotel Flawil;Ein Haus voll Gastlichkeit – Gross genug, um den vielfältigen Wünschen der Kundschaft zu dienen. Klein genug, um die Gemütlichkeit und Vertrautheit von Zuhause auszustrahlen.;<p>12 Zimmer mit total 22 Betten und eine Suite bieten den Gesch&auml;fts- und Privatreisenden 3 Sterne Komfort auf h&ouml;chstem Niveau. Die Zimmer sind gem&uuml;tlich-funktional eingerichtet und erf&uuml;llen die W&uuml;nsche von Gesch&auml;ftsreisenden von heute. Daneben verf&uuml;gen das Hotel &uuml;ber sieben Appartements / Studios zur Langzeitvermietung. Eine Offerte kann hier angefragt werden.&nbsp;</p>;9.187135;47.4139972;Rösslistrasse 7;9230;Flawil;+41 71 393 41 41;info@hotelflawil.ch;http://www.hotelflawil.ch/;[{'@type': 'ImageObject', 'contentUrl': 'https://sgbtpimtsoch.sos-ch-dk-2.exoscale-cdn.com/catalog/c/7/2/e/c72e71c3c3d59c6e500432f3282699caa20708a4_Hotel_Fasse__2_.jpg'}];2026-08-30T04:33:31+02:00
23d5aa4b-d45a-43aa-8326-c8c119cf85d4;Hotel Schäfli;Design und Komfort zu erschwinglichen Preisen. ;Ob Geschäftsreise, Urlaub oder Wochenendtrip – die Gäste geniessen hier alle Annehmlichkeiten für einen gelungenen Aufenthalt zu einem hervorragenden Preis-Leistungs-Verhältnis.

Die geschmackvollen, modern designten Zimmer bieten eine warme, freundliche Atmosphäre und stilvolle Behaglichkeit. Ganz im Sinne eines zukunftsweisenden Hotelkonzepts wurde zugunsten tieferer Preise bewusst auf Rezeption und Restaurant verzichtet. So verläuft der Check-in-Prozess unkompliziert über einen Automaten, und für eine kleine Stärkung zwischendurch stehen Snacks sowie warme und kalte Getränke in der gemütlichen Lounge bereit. Auch spontane Gäste sind jederzeit ohne Reservation herzlich willkommen.;9.136344194412233;47.44038851073989;Bahnhofstrasse 107;9240;Uzwil;+41 71 955 70 70;info@schaefli-uzwil.ch;https://www.schaefli-uzwil.ch/;[{'@type': 'ImageObject', 'contentUrl': 'https://sgbtpimtsoch.sos-ch-dk-2.exoscale-cdn.com/catalog/a/6/0/8/a608320709ba4cfaadb59231a8b655791034357d_180723_UZE1803_20413.jpg'}];2026-09-04T21:06:40+02:00
24283f41-f13d-4d58-ab05-cfa1bd1958ca;Hotel Café Mozart;Schmuckes Stadthotel mit einzigartigem Café inklusive Innenhof.;<p data-start="0" data-end="231">Das Hotel Caf&eacute; Mozart liegt direkt am Bodensee.&nbsp;</p><p data-start="233" data-end="629">Neben feinen Kaffeespezialit&auml;ten und hausgemachten Kuchen erwartet die G&auml;ste eine erlesene Auswahl an Weinen im Offenausschank sowie kleine, salzige Alternativen f&uuml;r den genussvollen Ap&eacute;ro. Ob f&uuml;r den entspannten Nachmittagskaffee, ein Gesch&auml;ftstreffen oder einen stilvollen Sonntagsbrunch &ndash; das Caf&eacute; im Hotel Mozart bietet den passenden Rahmen mit pers&ouml;nlichem Service und hoher Qualit&auml;t.</p>;9.4910594;47.479093;Hauptstrasse 82;9400;Rorschach;+41718584747;info@mozart-rorschach.ch;https://mozart-rorschach.ch;[{'@type': 'ImageObject', 'contentUrl': 'https://sgbtpimtsoch.sos-ch-dk-2.exoscale-cdn.com/catalog/1/9/5/b/195b9ce8394d1ccc333aab772802901855092616_001_Hotel_Mozart_Rorschach___Allgemein.jpg'}];2026-08-26T05:11:10+02:00
2e5d1a4e-7bc2-4eeb-be0b-679833412f2c;Hirschen Wald - Gasthaus & Bäckerei;Gasthaus & Bäckerei seit 1899 im Appenzellerland;<p>Etwas mehr als tausend Meter &uuml;ber Meer, umgeben von Wiesen und W&auml;ldern, hier steht der Hirschen Wald. Ein stattliches Gasthaus im freundlichen Appenzellerland. Eine selbstverst&auml;ndliche fr&ouml;hliche Gastlichkeit, eine gepflegte K&uuml;che, um die sich die Besitzer selber k&uuml;mmern. Das alles geh&ouml;rt im Hirschen Wald zur Tradition. Die zwei gem&uuml;tlichen Gaststuben, das 250 Jahre alte Wandbuffet, der alte Holzbackofen, sie wissen davon zu berichten. Hier lassen sich die Feste feiern, wie sie fallen. Die Hotelzimmer im Hirschen, geschmackvoll eingerichtet, sind hell und komfortabel. Jedes hat Dusche/WC, TV und Wifi. In jedem ist es l&auml;ndlich still. Und aus den Fenstern sieht jeder Gast sein eigenes St&uuml;ckchen Appenzell. Im alten Backofen wird auch heute noch fast t&auml;glich gebacken. Seit drei Generationen duftet es im Hirschen nach frischem Brot und nach den kleinen, weit herum bekannten Geb&auml;cken. Sie werden nach sorgsam geh&uuml;teten Familienrezepten hergestellt. Buchst&auml;blich an der Haust&uuml;re des Hirschen ziehen Wanderwege vorbei. Sie f&uuml;hren &uuml;ber H&uuml;gel, durch W&auml;lder, querfeldein. Und mehr als das, sie f&uuml;hren unmerklich aus der Hetze, dem Stress heraus, an einem schattigen Baum, an einem abgelegenen Geh&ouml;ft vorbei, immer weiter in die Stille. Es ist nicht weit zum Bodensee, zum St&auml;dtchen Appenzell, oder hinauf in den Alpstein. Auch St. Gallen, mit seinen Museen, seinen Kinos, seinem Theater, ist leicht zu erreichen. Die Familie Mettler freut sich, die G&auml;ste in ihrem Haus zu begr&uuml;ssen.</p>;9.504600763320925;47.41903548921606;Büel 123;9044;Wald AR;+41 71 877 11 46;info@hirschenwald.ch;https://www.hirschenwald.ch;[{'@type': 'ImageObject', 'contentUrl': 'https://sgbtpimtsoch.sos-ch-dk-2.exoscale-cdn.com/catalog/6/3/6/d/636d93c04553dc6e4f6c68aea2fbba8cff0a605b_Key_HirschenWald_2022_FullHD.jpg'}];2026-08-31T23:10:50+02:00
2f36417e-6a42-43b9-bdea-13c9f018bfcc;Hotel NewStar;Ein Businesshotel perfekt auf die Bedürfnisse seiner Zielgruppe zugeschnitten. Drei-Sterne-Komfort der Extraklasse.;Das Hotel NewStar verbindet Qualität und professionellen Service mit einem attraktiven Preis. Die 57 Zimmer bieten mit angemessenen Wohn- und Arbeitsbereichen eine stilvolle Atmosphäre für Gäste auf Geschäftsreise.

Mit modernen Sitzungs- und Konferenzräumen ist das Hotel Newstar auch für Business-Meetings, Tagungen oder Workshops für bis zu 80 Personen geeignet. Die Gäste profitieren von einem idealen Standort mit optimaler Verkehrsanbindung und Parkmöglichkeiten direkt vor dem Haus.;9.311135899999954;47.4077003;Breitfeldstrasse 9;9015;St. Gallen;+41 71 230 20 20;info@newstar-hotel.ch;http://newstar.ch;[{'@type': 'ImageObject', 'contentUrl': 'https://sgbtpimtsoch.sos-ch-dk-2.exoscale-cdn.com/catalog/4/0/b/5/40b526975463037adb03e1a21db0cd23196650c2_NewStar_aussen.jpg'}];2026-04-28T10:55:16+02:00
32a2d570-784c-42cd-9a6b-d7616e3bd1e5;Schloss Wartegg;Ein Haus mit Charakter: Schloss Wartegg pflegt Gastlichkeit und setzt auf hochwertige Produkte aus der Region.;<p>Das Schloss Wartegg vereint historische Architektur, moderne Hotellerie und gelebte Regionalit&auml;t. Als erstes Swiss Historic Hotel der Ostschweiz empf&auml;ngt es G&auml;ste mit herzlicher Gastfreundschaft und einem Sinn f&uuml;r Qualit&auml;t &ndash; sichtbar etwa in der biologischen K&uuml;che, der bewussten Materialwahl oder der Zusammenarbeit mit regionalen Partnern.</p><p>Die 25 individuell gestalteten Zimmer bieten Ruhe und Charakter. Im Textilzimmer (Romantikzimmer) verweisen edle Stoffe aus der Kollektion von <a href="https://fischbacher1819.com/" target="_blank" rel="noopener">Christian Fischbacher</a> auf die textile Kompetenz der Ostschweiz. Der Blick &uuml;ber den Englischen Park zum Bodensee oder in die Appenzeller H&uuml;gel unterstreicht die besondere Lage. Ob f&uuml;r einen erholsamen Aufenthalt oder ein kreatives Seminar: Das Schloss Wartegg ist ein Ort, an dem Sorgfalt sp&uuml;rbar wird.</p>;9.5301308;47.4784585;von Blarer-Weg 1;9404;Rorschacherberg;+41 71 858 62 62;marketing@wartegg.ch;http://www.wartegg.ch/;[{'@type': 'ImageObject', 'contentUrl': 'https://sgbtpimtsoch.sos-ch-dk-2.exoscale-cdn.com/catalog/0/b/1/6/0b16bf7e84d3bf3d16c1f8250eb0f5d3d6a237cf_Luftaufnahme_mit_See__4_.jpg'}];2026-09-04T21:05:58+02:00
33741721-55e5-4770-9722-b3565e2eb019;Landgasthaus Bären Grub;Traditioneller Landgasthof mit gepflegter regionaler Küche und erlesenem Weinkeller;Fein, klein und persönlich, unter diesem Motto werden die Gäste im Landgasthaus Bären empfangen und verwöhnt. Sei es mit erlesenen Gerichten aus der mit Hauben und von Michelin gelobten Küche, ein feines Gläschen Wein aus dem mit über 160 Sorten bestücktem Weinkeller, oder als Hotelgast in einem der konventionell eingerichteten Hotelzimmer. Gut gelegen an der Hauptstrasse St.Gallen - Heiden und mit Aussicht auf den Bodensee ist das Landgasthaus Bären mit dem Postauto und KFZ gut erreichbar. Sönd Willkomm im Bären Grub AR!;9.4973513;47.442959;Halten 112;9035;Grub AR;+41718911355;info@baeren-grub.ch;http://www.baeren-grub.ch;[{'@type': 'ImageObject', 'contentUrl': 'https://sgbtpimtsoch.sos-ch-dk-2.exoscale-cdn.com/catalog/4/b/e/b/4beb7bf6cdf58da018f229aaf320b98e5fa64ad4_restaurant_baeren_17.jpg'}];2026-05-07T19:12:33+02:00
337c9aca-1396-4e7c-a2ba-e50a9e6921b0;Hotel Dom;Wer ins Hotel Dom kommt, geniesst eine spezielle Zeit an einem speziellen Ort – und mit speziellen Menschen.;Rund 55 Menschen mit einer Beeinträchtigung finden im Hotel Dom einen Ausbildungs- oder Arbeitsplatz und sind in allen Bereichen tätig. Das in der Region einzigartige Konzept geniesst hohe Beachtung von Gästen und Einheimischen gleichermassen. Das Hotel ist aussen eher nüchtern gestaltet, besticht aber mit seinem farbigen Innern. Es liegt mitten in der Altstadt, unmittelbar beim Stiftsbezirk St.Gallen. 

Das Hotel Dom verfügt über helle Einzel-, Doppel- und Dreibettzimmer und bietet auch einen Tagungsraum sowie ein Besprechungszimmer. Zudem bieten das Hotel fünf frisch renovierte Studios an. Diese befinden sich in unmittelbarer Nähe des Hauptbahnhofs St.Gallen. Die Studios sind ausgestattet mit Kochnische, Klimaanlage und  Bad mit Dusche/WC. 

Für Langzeit-Aufenthalte werden Wochen- und Monatspreise angeboten.;9.3751;47.42282;Webergasse 22;9000;St. Gallen;+41 71 227 71 71;info@hoteldom.ch;http://www.hoteldom.ch/;[{'@type': 'ImageObject', 'contentUrl': 'https://sgbtpimtsoch.sos-ch-dk-2.exoscale-cdn.com/catalog/2/0/4/5/2045ab284c5ed9774226add4029ad5afcf129af8_hotel_dom_zimmer_2019_255_R.jpg'}];2026-05-07T19:10:44+02:00
34168062-f20f-47d3-b1f9-cada8dd6dae0;Gastwirtschaft zum Dornhof;Im romantischen Unterdorf von Steinebrunn umgeben von Häusern aus dem Mittelalter lädt die Gastwirtschaft zum Verweilen ein.;<p>Seit vielen Jahren geh&ouml;rt die Gastwirtschaft Dornhof als beliebter Treffpunkt f&uuml;r Einheimische und G&auml;ste aus nah und fern zu einem festen Bestandteil von Steinebrunn. Die G&auml;ste geniessen hier ein kleines aber feines Angebot aus der saisonalen K&uuml;che mit frischen Produkten aus der Region - mit Blick auf Romanshorn und den Bodensee. In der gem&uuml;tlich eingerichteten Gaststube und bei sch&ouml;nem Wetter im Garten l&auml;sst es sich herrlich entspannen. Ein in die Gaststube integrierter Geschenkladen sorgt immer f&uuml;r eine gem&uuml;tliche Atmosph&auml;re und f&uuml;r die passende saisonale Dekoration. Auch die kleinen G&auml;ste kommen nicht zu kurz: Die Kinder k&ouml;nnen im Segelboot-Sandkasten spielen oder sich an den Tieren erfreuen! F&uuml;r Durchreisende oder f&uuml;r einen Kurzurlaub am nahen Bodensee bietet der Dornhof zwei gem&uuml;tliche G&auml;stezimmer im famili&auml;ren Rahmen an.</p>;9.342720997314753;47.53592705;Unterdorf 18;9314;Steinebrunn;+41797916644;info@dornhof-tg.ch;https://www.dornhof-tg.ch/;[{'@type': 'ImageObject', 'contentUrl': 'https://sgbtpimtsoch.sos-ch-dk-2.exoscale-cdn.com/catalog/4/b/a/5/4ba54ba934109fabb5d7193fa308dc399a1ddc6b_P9200007.JPG'}];2026-03-19T11:31:07+01:00
3489056f-1185-4c2b-a42a-543bb40d897b;Berggasthaus Nestel;Berggasthaus Nestel - durchatmen, die Zeit vergessen, einfach sich selbst sein;<p>Das Berggasthaus Nestel ist modern und doch rustikal, im panoramareichen Toggenburg oberhalb von Ebnat-Kappel. Hier l&auml;sst sich die Region nicht nur zu Fuss erleben, sondern auch mit dem Gaumen geniessen. Regionale Spezialit&auml;ten werden neu interpretiert und kombiniert. So finden sich beispielsweise das regionale Mostbr&ouml;ckli kombiniert mit leicht w&uuml;rzigem K&auml;se in unserem Cordon-Bleu, das Schnitzel sowie ein saftiges Steak gibt es ebenso sowie ein Entercote und ein Pouletbr&uuml;stli und f&uuml;r die Vegis ein Gem&uuml;seschnitzel. Diese Variationen k&ouml;nnen mit Gem&uuml;se, Frittes, Teigwaren oder Salaten kombiniert werden. Zu jeder Jahreszeit gibt es Spezielles zum Beispiel im Herbst, Wild aus heimischer Jagd. Desserts sind alle hausgemacht inklusive alle Glacesorten welche zu herrlichen Coupe Variationen verarbeitet werden. Der Schlorzifladen oder eine Fruchtw&auml;ihe geh&ouml;ren ebenso dazu. Der Aufenthalt muss abends nicht zu Ende sein: vier gem&uuml;tliche Zimmer, ein Holzfass im Freien, die gem&uuml;tliche 2 1/2 Zimmerwohnung und das sch&ouml;ne Massenlager laden zum Verweilen ein.</p>;9.11408700000004;47.2364493;Nestel 3697;9642;Ebnat-Kappel;+41 71 990 09 90;info@berggasthaus-nestel.ch;http://www.berggasthaus-nestel.ch;[{'@type': 'ImageObject', 'contentUrl': 'https://sgbtpimtsoch.sos-ch-dk-2.exoscale-cdn.com/catalog/8/2/1/f/821f7a6034466415639fd1fb39234c6de65b6c31_Berggasthause_Nestel3.jpg'}];2026-03-04T08:31:34+01:00
37d17cdf-dc9b-40d3-9311-e880ed4a9c74;Bett am Weiher;Das Bett am Weiher ist ein typisches Stadthaus mitten in der Altstadt von Wil mit Sicht auf den Stadtweiher.;Bei der Renovierung des Hauses wurde grossen Wert darauf gelegt, die typischen Merkmale wieder freizulegen. Gleichzeitig wurde dem heutigen Komfortbedürfnis Rechnung getragen.

Alte Balken, Treppen, Böden und Türen ergeben mit modernen Bädern, Lampen und der Küche wundervolle Kombinationen. Das B&B verfügt über fünf stilvolle und grosse Doppelzimmer, jedes mit Dusche und Toilette ausgestattet. Die Zimmer können auch einzeln belegt werden.
Im Frühstücksraum wird täglich ein vollwertiges Buffet bereitgestellt.

Das "Bett am Weiher" wird wie ein Minihotel ohne Reception geführt.  Unsere Gäste erhalten nach der Reservierung einen Schlüsselcode. Mittels diesem Code kann man den Schlüssel an der Digibox beim Eingang beziehen.

Der gemütliche Essraum und der Aufenthaltsraum laden zum Verweilen ein. Dort kann man sich ungestört unterhalten oder ein Buch lesen. Zudem stehen verschiedene Gesellschaftsspiele zur Verfügung. Der gemütliche Gartensitzplatz bietet eine wunderschöne Aussicht auf den Stadtweiher.;9.04915;47.46719;Marktgasse 64;9500;Wil;0041 79 531 68 00;info@bettamweiher.ch;http://www.bettamweiher.ch;[{'@type': 'ImageObject', 'contentUrl': 'https://sgbtpimtsoch.sos-ch-dk-2.exoscale-cdn.com/catalog/e/b/b/e/ebbe0ef4bb62ec5f44ea1b7972d419e204e0396b_Bett_am_Weiher.jpg'}];2026-03-04T08:31:34+01:00
46e21fd0-3bd2-4c4a-92e1-5c5fba0343dd;Hotel Münchwilen;Das Businesshotel in der Ostschweiz zwischen Wil und Frauenfeld
;Das Angebot des 4-Sterne-Garni Hotels Münchwilen im Hinterthurgau (bei Wil SG) richtet sich vor allem an Geschäftsreisende, Gäste auf der Durchreise sowie Radfahrer, die das Tannzapfenland, das Zürcher Oberland oder die Region Wil - Frauenfeld erkunden wollen und dafür eine gepflegte Unterkunft suchen.

Zentral gelegen mit unter 45 km zu den Flughäfen Zürich (ZRH) und St.Gallen - Altenrhein (ACH) verfügt Münchwilen über eine Anbindung zur A1 (20min ab Winterthur und St.Gallen) und ist durch die Frauenfeld-Wil Bahn an das ÖV-Netz angeschlossen.

Das Hotel verfügt über 53 Zimmer und 2 Juniorsuiten mit 112 Betten. Reisende schätzen vor allem den herzlichen und persönlichen Empfang und das köstliche Frühstücksbuffet. Dies überrascht und übersteigt die Erwartungshaltung der Businessreisenden. Das gemütliche und helle Hotel ist dank des freundlichen Personals auch bei Paaren, Familien, Sportlern und allein reisenden Frauen beliebt.

Das Hotel-Münchwilen Team freut sich auf Ihre Reservation.;8.998994894621362;47.477991849999995;Schmiedstrasse 5;9542;Münchwilen;+41 71 969 3131;info@hotel-muenchwilen.ch;https://www.hotel-muenchwilen.ch;[{'@type': 'ImageObject', 'contentUrl': 'https://sgbtpimtsoch.sos-ch-dk-2.exoscale-cdn.com/catalog/a/4/9/e/a49ef5a2a5a7a86afd7329593cbc3e4290cb4c10_2020_04_23__MG_4645.jpg'}];2026-08-28T20:06:32+02:00
48c1d90b-c7fe-42a0-8003-369fe9fd10b8;Ferienwohnung "Haus zur Rose";Die 4-Zimmer-Ferienwohnung im historischen "Haus zur Rose" liegt zwischen Bodensee, St.Gallen und Appenzell. Mit schönem Ausblick auf das Dorf Speicher und das weitläufige Appenzellerland bietet die Ferienwohnung viel Platz für bis zu 5 Personen.;<p>Das 1811 erbaute "Haus zur Rose" wurde 2015/16 komplett saniert und vermietet eine Ferienwohnung (95 m2) mit einer voll ausgestatteten K&uuml;che in modernem Design (mit Induktionskochfeld, Dampfabzug, Backofen, Geschirrsp&uuml;lmaschine, K&uuml;hlschrank, Tiefk&uuml;hler und einer Waschmaschine mit integriertem Tumbler), 3 Schlafzimmer (1 Doppelbett, zwei Einzelbetten und einem bequemen Schlafsofa), 1 Badezimmer mit Dusche/WC, 1 Wohnzimmer (mit Sofa, grossem Esstisch und TV), 1 Lese-/Arbeitszimmer (mit einem wundersch&ouml;nen antiken Sekret&auml;r sowie Spielen f&uuml;r unsere kleinen G&auml;ste).</p><p>Der Gartensitzplatz (zur Mitbenutzung) ist ausgestattet mit einer Outdoork&uuml;che sowie Sitz- und Liegem&ouml;beln, Brunnen, Trampolin und Schaukel - ein Ort zum Verweilen und Sonne tanken!</p><p>Die Umgebung l&auml;dt zu Spazierg&auml;ngen und Wanderungen ein. Kulturelle Highlights sind bequem erreichbar und auch kulinarische H&ouml;henfl&uuml;ge gibt es ganz in der N&auml;he zu entdecken.</p><p>Das Tram (Appenzeller Bahn) f&auml;hrt alle 15/30 Minuten nach St.Gallen. Zum Bahnhof St.Gallen dauert die Fahrt knapp 20 Minuten. Mit dem Auto sind sie in 10 Minuten im Zentrum von St.Gallen oder auf der Autobahn.</p><p>Die Ferienwohnung verf&uuml;gt &uuml;ber einen kostenlosen Privatparkplatz.</p>;9.4404281;47.4117892;Haupstrasse 37;9042;Speicher;+41 79 775 83 53;welcome@haus-zur-rose.ch;https://haus-zur-rose.ch;[{'@type': 'ImageObject', 'contentUrl': 'https://sgbtpimtsoch.sos-ch-dk-2.exoscale-cdn.com/catalog/0/f/b/7/0fb7a123c92621f0f9ade6ac70bfb56c791c106f_Haus_zur_Rose_Ferienwohnung_01.JPG'}];2026-03-24T13:38:30+01:00
4ea1f9d6-4676-458b-bc1e-4b433780bc97;Hotel one66;Das Hotel im Westen von St.Gallen mit perfektem Anschluss.;Das Hotel one66 ist die perfekte Adresse für Geschäftsleute, Messebesucher, Sportvereine und Reisende, die St.Gallen und Umgebung entdecken möchten.
Es liegt in unmittelbarer Nähe des Autobahnanschlusses A1 St.Gallen-Winkeln. In direkter Umgebung befinden sich das Fussballstadion kybunpark, die Shopping Arena oder die Sportanlage Gründenmoos. Das Stadtzentrum von St.Gallen ist – sowohl mit Auto als auch mit öV – ebenfalls sehr gut erreichbar. 

Das Hotel bietet 83 hochwertig ausgestattete Zimmer mit 166 Komfortbetten und modernster Infrastruktur, ein 24 Stunden Self Check-In für Nachtschwärmer, eine Bar, die zum Verweilen einlädt und ein Frühstücksbuffet, das keine Wünsche offen lässt.;9.30877899999996;47.40802499999999;Alte Bildstrasse 6;9015;St. Gallen;+41 71 314 71 71;info@one66.ch;http://www.hotel-one66.ch/;[{'@type': 'ImageObject', 'contentUrl': 'https://sgbtpimtsoch.sos-ch-dk-2.exoscale-cdn.com/catalog/e/f/9/c/ef9cc6bebca6b4023df87f9e22044435227437e9_Panorama__2.jpg'}];2026-08-27T11:29:15+02:00
4fa42c79-b2aa-4d2c-8237-b12ce0e442e9;Hotel Profis - Business Hotel + Bar;Das ideale Hotel für Wochenaufenthalter oder Durchreisende.;Das renovierte Businesshotel, mit moderner komfortabler Ausstattung, bietet jedes Wohnmodell: gemütliche Zimmer für einen kurzen Aufenthalt und wohnliche Studios für längere Aufenthalte. 

Nach einem anstrengenden Arbeitstag, lädt die ebenfalls renovierte Profis Bar für einen entspannten Ausklang ein. Das Hotel liegt nahe am  einzigartigen Naturschutzgebiet «Alter Rhein» und auch an der Autobahn sowie der österreichischen Grenze. ;9.6528448;47.3862623;Moosackerstrasse 17;9444;Diepoldsau;+41 71 737 70 01;info@hotelprofis.ch;http://www.hotelprofis.ch/;[{'@type': 'ImageObject', 'contentUrl': 'https://sgbtpimtsoch.sos-ch-dk-2.exoscale-cdn.com/catalog/2/5/5/a/255adcd8b2e1130954db67a520333a9f66b87477_HotelProfis_Zimmer_Deluxe_2022__1.jpg'}];2026-08-25T17:13:06+02:00
56fb0462-3fba-44da-b407-31d3b29ce9c7;Erlebnisbauernhof Steigmatt;Erlebnisbauernhof mitten in der Rheinebene.;Die Steigmatt liegt an sehr ruhiger Lage mitten in der Rheinebene. Der Hof bietet Kindern viele Freiheiten und Erwachsenen einen gemütlichen Aufenthalt. Auf dem Hof leben zahlreiche Tiere wie Kühe, Rinder, Kälber, Katzen, Pfauen, der anhängliche Familienhund Svenno und die lustigen Esel Melik, Suleica, Balu, Killimancharo, Aladin, und natürlich Amadeus, das Känguru mit Kollegen. 

Beim Erlebnisbauernhof gibt es die Übernachtungsmöglichkeit im Stroh mit Frühstück (Nachtessen auf Bestellung) plus eine gemütliche Fahrt auf dem Rheintaler Binnenkanal. Ebenfalls können zwei Doppelzimmer, ein Vierbett-Zimmer und ein Achtbett-Zimmer gebucht werden. Für Camper stehen fünf Stellplätze zur Verfügung.&nbsp;;9.5821614;47.3530297;Steigmatt;9462;Montlingen;+41 71 755 22 01;steigmatt@bluewin.ch;http://www.steigmatt.ch/;[{'@type': 'ImageObject', 'contentUrl': 'https://sgbtpimtsoch.sos-ch-dk-2.exoscale-cdn.com/catalog/1/2/2/8/12289fe8d9651a591bb5f85861d31b3b60132f12_Steigmatt_1_5.jpg'}];2026-08-20T09:43:34+02:00
577bb9fe-b254-4c00-8b83-9e4f26be9574;Visimo Apartments - Deluxe Studio;Ein Wohlfühlort im Westen der Stadt St.Gallen;Das schicke 30 Quadratmeter-Studio-Appartment im Westen von St.Gallen ist ein Wohlfühlort für bis zu zwei Personen, das einen unvergesslichen Aufenthalt bietet. Dank der guten Verkehrsanbindung an das Bus- und Bahnnetz der Region in unmittelbarer Fussnähe sind die Gäste auch ohne Auto in wenigen Minuten in St.Gallen.

EINRICHTUNG
In der hellen und mondän eingerichteten Wohnung schlafen die Gäste komfortabel in einem Kingsize-Boxspringbett (180x200cm). Auf dem Balkon lassen sich schöne Sonnenstunden mit Blick auf das voralpine Panorama geniessen. 

SPEISEN UND KOCHEN
Eine kleine, aber feine Kochecke, ausgestattet mit Herd, Geschirrspüler, Gefrierfach, Mikrowelle, Kaffeemaschine, Wasserkocher, Tellern, Gläsern und Besteck, lädt dazu ein, Speisen zu kochen, die auf dem kleinen Esstisch, im hellen und gemütlichem Ambiente, genossen werden können.

WEITERE EINRICHTUNGEN
Eine Garderobe und Schrank bieten viel Platz für Kleider und Gepäck. Für die Unterhaltung an ruhigeren Tagen steht nicht nur kostenloses WLAN, sondern auch ein neuer Smart-TV samt Netflix-Konto und ein SunriseTV-Abo zur Verfügung.

Eine Waschmaschine und ein Trockner stehen im Keller zur Mitbenutzung bereit. 

Das freundliche und aparte Badezimmer ist mit Handseife, Shampoo sowie frischen Handtüchern ausgestattet. 

Auch die vierbeinigen Gäste sind gerne willkommen.;9.333691674080267;47.4067184;Lehnstrasse 11;9014;St. Gallen;+41 76 385 00 77;info@visimo-apartments.ch;https://www.visimo-apartments.ch/apartments-st-gallen/;[{'@type': 'ImageObject', 'contentUrl': 'https://sgbtpimtsoch.sos-ch-dk-2.exoscale-cdn.com/catalog/f/0/f/6/f0f6837d8c69dd321a158e48820d685a383ef720_317A9233_Edit.jpg'}];2026-06-04T13:15:27+02:00
5d373c54-9fe8-4ba0-a284-2d37565e5356;Hotel Hecht;Zentral gelegen im historischen Städtchen Rheineck.;Wo sich die Hügel des Appenzellerlandes, die Rheintalebene und die Bodenseelandschaft begegnen, liegt das historische Städtchen Rheineck. Und hier, zwischen dem ältesten Siedlungsteil, dem Fahr und den dichtgefügten Gassen der früheren Stadtmauern, begrüsst das Hotel Hecht seine Gäste.

Zwei Sterne hat der Hecht, was bestens in die ländliche Region passt. Zum Hotel mit 14 klimatisierten Zimmern gehören im Erdgeschoss ein Restaurant mit 60 Plätzen, eine Sonnenterrasse für 60 und ein Seminarraum (klimatisiert) für 40 Gäste, sowie im 1. Stock ein Saal (klimatisiert) für bis zu 220 Bankettteilnehmende oder 350 Konzertbesucher mit grosser Terrasse für den Apero.;9.5918208;47.4647847;Hauptstrasse 51;9424;Rheineck;+41 71 888 29 25;info@hotelhecht-rheineck.ch;http://www.hotelhecht-rheineck.ch/;[{'@type': 'ImageObject', 'contentUrl': 'https://sgbtpimtsoch.sos-ch-dk-2.exoscale-cdn.com/catalog/7/2/5/4/7254e15ed77c850a8c5bca93532a929ad74d405d_CS_381718.gif'}];2026-09-01T00:10:47+02:00
601c5fe7-6a7b-4b20-bd8b-cee70c52d53b;Weiterbildungszentrum Holzweid mit HSG Alumni Haus;Mitten im grünen Rotmonten-Quartier, in Gehdistanz zur Universität St.Gallen und zum Stadtzentrum, liegt das Weiterbildungszentrum Holzweid - ein attraktiver Campus mit zwei Seminargebäuden und einem Gästehaus.;Die modernen Seminarräume bieten eine ideale Infrastruktur für Seminare, Workshops, Präsentationen und Kongresse bis 300 Personen. Die Räume werden von der Universität St.Gallen für Weiterbildungsprogramme und andere Veranstaltungen genutzt. Auch externe Unternehmen können die Räume tage- oder wochenweise mieten. Zum Weiterbildungszentrum Holzweid gehört das HSG Alumni Haus mit 54 Gästezimmern, Fitnessraum und Sauna. Am Wochenende (Freitag bis Montag) profitieren Gäste von einem vergünstigten Zimmerpreis. Für Gruppen werden über das Wochenende auf Anfrage spezielle Konditionen angeboten.;9.374824762344362;47.43792121703876;Holzstrasse 15b;9010;St.Gallen;+41 71 224 20 12;wbzhsg@unisg.ch;http://www.wbz.unisg.ch/;[{'@type': 'ImageObject', 'contentUrl': 'https://sgbtpimtsoch.sos-ch-dk-2.exoscale-cdn.com/catalog/5/d/8/8/5d88ba558e12bc4bdb0330705a5a0cc1b5f241df_195a4f91e67a53675b7ffdb1e4fdb722a79f2d67_WBZ_Holzweid_Aussenansicht_web.jpg'}];2026-04-28T11:00:38+02:00
6c64002c-6e0b-4240-a0c0-281fca5079c8;Hotel Heiden;Hoch über dem Bodensee vereint das Hotel Heiden Entspannung, Genuss und Weitblick im Appenzellerland.;<p>Das Hotel Heiden begeistert mit seiner einzigartigen Lage hoch &uuml;ber dem Bodensee und verbindet auf harmonische Weise Tradition mit zeitgemaessem Komfort. Die 58 Zimmer und Junior-Suiten &ndash; viele mit Balkon und atemberaubender Seesicht &ndash; bieten mit Boxspringbetten und barrierefreien Regenduschen hoechsten Komfort. Liebevolle Details, inspiriert von der reichen Textilgeschichte der Region, verleihen den R&auml;umen besonderen Charme.</p>
<p>Kulinarisch verw&ouml;hnt das Restaurant Acht mit saisonalen Koestlichkeiten und Appenzeller Klassikern aus besten regionalen Zutaten. An sonnigen Tagen l&auml;dt das Gartenrestaurant mit Lounge zum Geniessen mit Panoramablick ein.</p>
<p>In der 1000 m&sup2; grossen Wellnesslandschaft finden Gaeste Ruhe und Erholung &ndash; vom Panorama-Schwimmbad ueber Aussen-Whirlpool bis zum vielfaeltigen Saunabereich. Massagen und Anwendungen schenken neue Energie und inneres Gleichgewicht.</p>
<p>Auch fuer Seminare bietet das Hotel Heiden mit lichtdurchfluteten, top ausgestatteten Raeumen den perfekten Raum f&uuml;r kreative Ideen und nachhaltigen Erfolg.</p>;9.533705;47.445726;Seeallee 8;9410;Heiden;+41 71 898 15 15;info@hotelheiden.ch;http://www.hotelheiden.ch/;[{'@type': 'ImageObject', 'contentUrl': 'https://sgbtpimtsoch.sos-ch-dk-2.exoscale-cdn.com/catalog/0/a/a/0/0aa0e4b113032b6c9abf5941a23d32e31005bd8f_HotelHeiden_byIlonaZuest_high_040.jpg'}];2026-08-07T12:42:13+02:00
73060356-35bf-47d4-a0ce-330aeedecd4a;Mama Home;Mama Home «Wohnen mit Service» 
Möblierte Wohnungen 1.5 – 3.5 Zimmer mit Parkplatz.;Wunderschön eingerichtete Wohnungen (wohnen wie Zuhause) mitten in der Stadt St.Gallen mit Blick auf Kathedrale und Kloster und 5 Minuten zu Fuss in die Innenstadt. Alle Wohnungen verfügen über eine Küche mit Backofen, Kühlschrank, Spülmaschine, Kaffeemaschine, Wasserkocher, Glaskeramikherd, Gefrierschrank, TV-Flachbildschirm, Wireless LAN, Bad, Wohnzimmer, Schlafzimmer, komplett ausgestattete Küche. Teilweise mit Parkplatz vor dem Haus. Der Housekeeper wohnt im Haus und kümmert sich um den Service für die Gäste.;9.380558;47.422904;Webergasse 23;9000;St. Gallen;+41 76 493 20 88;info@mama-home.ch;http://www.mama-home.ch;[{'@type': 'ImageObject', 'contentUrl': 'https://sgbtpimtsoch.sos-ch-dk-2.exoscale-cdn.com/catalog/2/4/2/5/24257432589064c1fc6d1cbc4a0a4f0ec1880194_logo_all_in.jpg'}];2026-03-04T08:31:44+01:00
7451b93b-509b-40aa-af5e-4160286ce20b;Atzmännig Lodge;«Specht», «Hirsch», «Distel» oder «Löwenzahn» – purer Komfort mitten in der Natur.;<p>Die Zimmer in der Atzmännig Lodge bestechen durch ihren rustikalen, gemütlichen und alpin-schicken Stil. Sämtliche Zimmer sind mit Dusche, WC und vielen Annehmlichkeiten* ausgestattet. Ob für den Individualgast, einen Ausflug zu zweit, eine Hochzeit, Gruppen- oder Firmenausflüge, das Familienfest oder Familienurlaub mit Kindern, die Atzmännig Lodge bietet eine grosse Vielfalt an Übernachtungsmöglichkeiten.  

*Haartrockner, Frottewäsche, Minibar, Kleiderschrank mit Bügel, Shampoo + Seife, Wasserflasche, Wasserkocher, Teebeutel und Kaffeepulver.</p><p>Das Restaurant bietet einen grossen, gemütlich eingerichteter Selbstbedienungsbereich mit grosser Sonnenterrasse. Der renovierte Saal eignet sich für Teamanlässe, Meetings oder Versammlungen.&nbsp;</p>;8.996161222457888;47.284658637716994;Sportbahnen Atzmännig AG;8638;Goldingen;+41 55 284 64 34;info@atzmaennig.ch;https://www.atzmaennig.ch/;[{'@type': 'ImageObject', 'contentUrl': 'https://sgbtpimtsoch.sos-ch-dk-2.exoscale-cdn.com/catalog/e/e/d/3/eed39a6e58d22f5797eeb1312b8650758e1f4c5e_image00043__2.jpeg'}];2026-08-21T20:11:12+02:00
7ce44590-b8fd-401f-a037-2d0182032f96;B&B Kugelturm in der Markthalle Altenrhein - Hundertwasser Architektur;Hier träumt man farbiger als sonst!;In der Markthalle Altenrhein bietet sich die einzigartige Gelegenheit, in einem Haus des österreichischen Architekten Friedensreich Hundertwasser zu übernachten.

Die Markthalle liegt am beliebten Bodenseeradweg. Etwa 300 Meter vom See entfernt. In unmittelbarer Nähe befindet sich der Flughafen St. Gallen-Altenrhein und das FFA Flug- und Fahrzeugmuseum. Vom Fenster aus kannst du die Flugzeuge abheben sehen. In Richtung Wien oder sonst wo hin.

Das 2-stöckige Appartement bietet viel Platz für 1-2 Erwachsene (keine Kinder). Auch Hunde sind herzlich willkommen. Fahrräder können untergestellt und E-Bikes aufgeladen werden. Rund ums Haus sind gratis Parkplätze vorhanden.;9.547996106343284;47.4850552;Knotternstrasse 2;9422;Staad;+41 79 5064735;info@markthalle-altenrhein.ch;https://markthalle-altenrhein.ch/bed-breakfast/;[{'@type': 'ImageObject', 'contentUrl': 'https://sgbtpimtsoch.sos-ch-dk-2.exoscale-cdn.com/catalog/f/9/5/4/f954d18e49c3b681fae1b53ec1008404cd636492_Markthalle_GW_CMYK__2.jpg'}];2026-05-28T16:47:33+02:00
82c4992f-38ff-4a9b-bee8-8c5deef1c37f;Appenzeller Huus;Das Appenzeller Huus liegt in idyllischer Landschaft und besteht aus drei Häusern: dem Huus Bären, dem Huus Löwen und dem Huus Quell.;<p class="MsoNormal">Das Huus B&auml;ren 3* ist das &auml;lteste Geb&auml;ude in Gonten aus dem Jahr 1602 und der Ursprung des Appenzeller Huus Resorts. Nach einer umfassenden Renovierung empf&auml;ngt es seit 2020 G&auml;ste in zw&ouml;lf Zimmern und Suiten, die im alpinen Appenzeller Chic gestaltet sind. F&uuml;r inspirierende Meetings und Workshops stehen zwei R&auml;ume f&uuml;r acht bis zehn Personen zur Verf&uuml;gung.</p><p class="MsoNormal">Das Huus L&ouml;wen 4*, direkt gegen&uuml;ber liegend, verbindet Tradition mit modernen Designelementen. Seit Sommer 2023 bietet es in 24 Zimmern und Suiten ein einmaliges Zuhause auf Zeit. Die nat&uuml;rlichen Materialien laden zu entspannten Stunden im malerischen Appenzellerland ein. Im lichtdurchfluteten L&ouml;wensaal k&ouml;nnen kreative und produktive Veranstaltungen mit bis zu 80 Personen stattfinden.</p><p class="MsoNormal">Das Huus Quell 5* verspricht seit Herbst 2025 Erholung auf h&ouml;chstem Niveau. Der hochmoderne und nachhaltige Neubau aus massiver Holzbauweise verspr&uuml;ht zeitlose Eleganz. Die 30 Zimmer und Suiten sind im eleganten Appenzeller Stil und Mondholz-Design gestaltet. Der 2'200<span style="font-family: 'Arial',sans-serif;"> </span>m<span style="mso-bidi-font-family: Indivisible;">&sup2;</span> grosse Wellnessbereich bietet besondere Entspannungsmomente.</p><p class="MsoNormal">Alle H&auml;user setzen auf hochwertige Textilien von Jakob Schlaepfer: Tapeten, Vorh&auml;nge, Bettw&auml;sche und mehr pr&auml;gen das Ambiente.</p><p class="MsoNormal">Das Team um Executive Chef Carsten Kypke verw&ouml;hnt mit authentischer, regional inspirierter K&uuml;che in unterschiedlichen R&auml;umlichkeiten. Ob in der B&auml;renstobe, der L&ouml;wenstobe, auf der Sonnenterrasse, in der Jakob Schlaepfer Lounge oder im <span data-olk-copy-source="MessageBody">Restaurant QUELL, wo ein breites Sharing Menu angeboten wird</span>&nbsp;&ndash; hier l&auml;sst es sich geniessen.</p>;9.34666089999996;47.3285937;Dorfstrasse 40;9108;Gonten;+41 71 795 40 10;info@appenzellerhuus.ch;https://appenzellerhuus.ch/;[{'@type': 'ImageObject', 'contentUrl': 'https://sgbtpimtsoch.sos-ch-dk-2.exoscale-cdn.com/catalog/8/4/f/c/84fc6caddfbb93feca9e0527f115740150efd178_hc_appenzellerhuus_033.jpg', 'caption': {'en': 'Appenzeller Huus: Huus Löwen', 'fr': 'Appenzeller Huus: Huus Löwen, vue extérieure'}}];2026-08-29T05:30:31+02:00
83d72254-5ead-488b-b7ce-ec2da96a7ab7;ibis Styles St Margrethen Bodensee;Design + Lifestyle + Service = Superior;Das Designhotel ibis Styles St Margrethen lädt mit einem offenen Raumkonzept zum Ankommen ein. Echtholzmöbel mit individueller Maserung bringen einzigartigen Charakter in das Interieur. Warme Farben unterstreichen den natürlichen Eindruck und sorgen für Wohlfühlatmosphäre. Egal ob Geschäftsreise, Erholungsurlaub oder Wanderabenteuer: Hier erleben die Gäste einen unvergesslichen Aufenthalt und entdecken den Charme der Ostschweiz zwischen Alpen und Bodensee hautnah.

Als zertifiziertes "Bikehotel" verfügt das Ibis Styles St Margrethen über einen abschliessbaren Fahrradkeller mit einigen Extras.;9.635871514244224;47.450590250123;Walzenhauserstrasse 1;9430;St. Margrethen;+41715446480;nicole.weber@accor.com;https://all.accor.com/hotel/B5W6/index.en.shtml;[{'@type': 'ImageObject', 'contentUrl': 'https://sgbtpimtsoch.sos-ch-dk-2.exoscale-cdn.com/catalog/6/5/c/4/65c4ff13ab123d35220ed2826dc339ee19c67761_Aussenansicht_2.jpg'}];2026-08-31T23:16:00+02:00
843063b7-1f5e-498e-ba2e-54f34a0f5147;Boutique Hotel City Weissenstein;Das zu den Sorell Hotels gehörende Boutique Hotel City Weissenstein in St. Gallen ist nicht nur ideal für Städtereisende und Kurztrips, sondern bietet auch Raum und Platz für Langzeitgäste und Meetings.;Mit einer grosszügigen, wohnlich eingerichteten Lobby, 32 stilvollen und individuellen Zimmern und einem kreativen Workshopraum lädt das Hotel nicht nur zum Übernachten, sondern auch Verweilen und Tagen ein. Stoffe von Jakob Schlaepfer und Christian Fischbacher sind im ganzen Haus zu finden und verleihen den modernen Elementen eine gemütliche Note.
 
Das Hotel ist nur wenige Schritte vom Bahnhof entfernt. Auch Restaurants, Museen, Kinos und Theater sind bequem zu Fuss erreichbar.

Was auch immer Sie nach St.Gallen führt, im Boutique&nbsp;Hotel City Weissenstein finden Geschäftsreisende, Familien, Paare und Langzeitaufenthalter ihre vier Wände zum Ankommen und Wohlfühlen.

Der Seminarraum hat eine Grösse von 70qm.;9.3698661;47.4207437;Davidstrasse 21;9000;St. Gallen;+41 71 228 06 28;cityweissenstein@sorellhotels.com;http://sorellhotels.com/city-weissenstein;[{'@type': 'ImageObject', 'contentUrl': 'https://sgbtpimtsoch.sos-ch-dk-2.exoscale-cdn.com/catalog/2/8/5/c/285cab8e21310d534274f0761a0f4047ae3ca4ab_133_Sorell_Hotel_City_Weissenstein_Lobby_1.jpg'}];2026-08-31T23:57:10+02:00
8ce45a6e-b9e7-4ba2-8759-67dd68a5ec4a;Campingplatz Lee St. Gallen - Wittenbach;Ruhiger, familien- und tierfreundlicher Campingplatz;<p>Schmales, ebenes Wiesengel&auml;nde zwischen dem Fluss "Sitter" und einem bewaldetem Hang. Ruhiger, einfacher, famili&auml;rer und gepflegter Campingplatz. Die zentrumsnahe Lage, ca. 30 Minuten mit &Ouml;V in das Herzen der Stadt St. Gallen und der neuen guten &Ouml;V-Verbindungen, machen diesen Standort sehr attraktiv. Dieser Ort wird nicht nur von St&auml;dtetrip-Besuchern, Hundesportfreunde, Sport-, Kultur-, Naturbegeisterte, wie auch von Familien und Erholungssuchende gesch&auml;tzt. Gilt dieser Standort doch als idealer Ausgangspunkt f&uuml;r diverse Aktivit&auml;ten.</p><p>&nbsp;</p>;9.36612;47.45896;Lee 1286;9304;Waldkirch;+41 71 298 49 69;reservation@ccc-stgallen.ch;https://www.ccc-stgallen.ch/;[{'@type': 'ImageObject', 'contentUrl': 'https://sgbtpimtsoch.sos-ch-dk-2.exoscale-cdn.com/catalog/0/2/f/0/02f00da3520d7ec41f386c4039a287750c7ace90_Reservation__3.JPG'}];2026-07-21T11:24:03+02:00
8f1625cc-e51c-4c08-9ff8-7d7692449b52;Gruppenhaus Löchli Niederglatt;Umgeben von Natur und Ruhe bietet dieses Haus alles, was sich die Gäste wünschen.;Das Grundstück Löchli umfasst etwa 1.4 Hektaren Fläche und bietet Natur pur. Hauseigener Mischwald, Bach und Wiese laden zu genüsslichen Spaziergängen und abenteuerlichen Erkundungen ein. Die grosse, auf zwei Ebenen angelegte Hauswiese eignet sich hervorragend für Spiel und Spass oder auch zum Entspannen. Das grosse Haus ist sehr gemütlich eingerichtet. Die grosszügigen Einzel- und Doppelzimmer sind äusserst beliebt. 

Angebot:
- 10 Schlafzimmer mit insgesamt 19 Betten
- Matratzenlager mit 11 Matratzen;9.156378191507855;47.4386301;Löchli 688;9245;Oberbüren;+41 79 150 05 05;gruppenhaus@loechli.ch;http://www.loechli.ch/;[{'@type': 'ImageObject', 'contentUrl': 'https://sgbtpimtsoch.sos-ch-dk-2.exoscale-cdn.com/catalog/0/3/c/2/03c28e82c4d76d056404e7cb94f4d04b6e1137fc_P1000289.JPG'}];2026-03-04T08:31:49+01:00
9262161f-7184-4560-93d1-ff03cb8d400b;Hotel Walhalla;Ein Hotel mit Stil – im Herzen der Stadt St.Gallen, nur ein paar Schritte vom Bahnhof entfernt.;<p>Das Hotel Walhalla geh&ouml;rt seit dem 19. Jahrhundert zum St.Galler Stadtbild. Erstmals beherbergte der Bau Hotelg&auml;ste im Jahr 1887. Um den G&auml;sten weiterhin ein zeitgem&auml;sses Ambiente zu bieten, wurde das Hotel Walhalla im Mai 2018 f&uuml;r eine umfangreiche Renovierung geschlossen. Das Traditionshaus verf&uuml;gt &uuml;ber 100 Zimmer mit komfortabler Ausstattung, der Brasserie Walhalla mit Schweizer Spezialit&auml;ten und der Walhalla Bar, mit einer grossen Auswahl an lokalen und internationalen Getr&auml;nken und Snacks. Mit der zentralen Lage am Bahnhof St.Gallen und dem erweiterten Seminarbereich mit sechs R&auml;umen und modernster Seminartechnik bietet das Hotel optimale Voraussetzungen f&uuml;r Veranstaltungen.</p>;9.3711451;47.4238762;Poststrasse 27;9001;St. Gallen;+41 71 228 28 00;reservation.walhalla@candrian.com;http://www.hotelwalhalla.ch/;[{'@type': 'ImageObject', 'contentUrl': 'https://sgbtpimtsoch.sos-ch-dk-2.exoscale-cdn.com/catalog/1/a/9/7/1a972a61a88eb03cc183798bd670788f5307ca8b_7S9A8647___BZ__2.jpg'}];2026-08-28T20:05:15+02:00
9d1becc9-676c-4a43-b588-cbd5f1082d95;B&B Chez Lise;Das B&B chez Lise glänzt mit seiner einmaligen Lage, dem schönen Garten und der Pergola. Jedes der drei Zimmer hat seinen eigenen Charme.;Die Inhaberin, Lise Frischknecht, zaubert für ihre Gäste köstliche Gerichte und macht den Aufenthalt zu einem echt authentischen Erlebnis. Auf Anfrage erhaschen die Gäste sogar einen Einblick in den beachtlichen Weinkeller.

Die unmittelbare Lage zum Zentrums ermöglicht Ausflugstipps diverser Art wie Wandern, Museumsbesuche, Langlaufen, Schneeschuhwandern, Schwimmen im Freibad und viele mehr.   

Die Gäste erleben einen nachhaltigen Komfort im BnB Chez Lise, wo Solaranlage, Luftwärmepumpe und konsequente Abfalltrennung für eine umweltfreundliche Auszeit sorgen. 

Auf Anfrage können Kochkurse und Weindegustationen gebucht werden.;9.28126245;47.31393;Hinteregg 1474;9107;Urnäsch;+41 77 411 00 54;lise.frischknecht@gmail.com;https://chezlise.ch/;[{'@type': 'ImageObject', 'contentUrl': 'https://sgbtpimtsoch.sos-ch-dk-2.exoscale-cdn.com/catalog/7/6/a/e/76aeff59bbd723a50db8712d413ebd3cf009893c_Hauptbild.jpeg', 'caption': {'de': 'B&B Aussenansicht'}}];2026-08-25T16:51:14+02:00
9fb29a16-da84-4df9-9d90-24e5342fd547;Appadu.ch - das Appartement und Du!;Egal ob zum Arbeiten in St.Gallen, Wohnungs-Renovierer oder Neo-Single. Appadu bietet die Möglichkeit zum „Wohnen auf Zeit“ und ist somit ein Missing Link zwischen Hotel und Wohnung.;Ausserdem entscheidet der Gast selbst wie viel Hotel er will:
Zimmerreinigung täglich oder wöchentlich, Frühstück oder nicht, usw.
Der Gast hat die Wahl. 

Die Longstay Appartements beinhalten folgende Standard-Leistungen:

- Heimeliges Wohnungsflair ohne mühsames Einrichten
- Einzug sofort möglich
- 1 Schlaf- und 1 Wohnzimmer, 1 Bad und grosser sonniger Balkon
- Nichtraucher-Appartement
- Küchenzeile mit Küchenausstattung, Kühlschrank und Mikrowelle
- Frühstück flexibel zu buchbar;9.31070923805237;47.40794906154153;Breitfeldstrasse 9;9015;St.Gallen;+41712302020;info@appadu.ch;https://appadu.ch;[{'@type': 'ImageObject', 'contentUrl': 'https://sgbtpimtsoch.sos-ch-dk-2.exoscale-cdn.com/catalog/c/e/c/2/cec2a2cb4c226ef86b759971bd210b2b4ae77339_200922_NEW2001_3933_min.jpg'}];2026-03-04T08:31:50+01:00
a257cd91-cc96-4785-8e83-93e9c4f61054;Hotel Mozart Rorschach;Das Hotel Mozart in Rorschach ist stilvoll und behaglich eingerichtet.;<p>Das Hotel Mozart befindet sich an zentraler und doch ruhiger Lage am Hafenstadt-Puls. Die liebevoll eingerichteten Zimmer verbinden gem&uuml;tlichen Komfort mit einer einladenden Atmosph&auml;re und bieten alles f&uuml;r einen erlebnisreichen Aufenthalt.&nbsp;</p><h2>&nbsp;</h2>;9.49113239999997;47.4790167;Hauptstrasse 82 / Hafenzentrum;9400;Rorschach;+41718444747;info@mozart-rorschach.ch;http://www.mozart-rorschach.ch/;[{'@type': 'ImageObject', 'contentUrl': 'https://sgbtpimtsoch.sos-ch-dk-2.exoscale-cdn.com/catalog/d/d/5/6/dd566d39fd7c2e33013ed3c910b1718f361ca77e_Hotel_Mozart_Aussenansicht.jpg'}];2026-08-30T04:29:24+02:00
a9f96fdc-b021-41a3-beab-235d49ac32bb;Gasthaus Rössli Trogen;Gästezimmer im authentisch erhaltenen Rössli-Appenzellerhaus im ruhigen Dorfkern von Trogen.;Das authentisch erhaltene dreihundertjährige Appenzeller Gasthaus in Trogen bietet fünf frisch renovierte Doppelzimmer und ein Einzelzimmer mit individuellem Charme, Duschen und Toiletten auf dem Gang und eine kleine Dachterasse. Der wunderschöne Rösslisaal kann für Tanz, Bewegung, Kurse und gesellschaftliche Anlässe gemietet werden.;9.463527939287612;47.40842815;Hinterdorf 5;9043;Trogen;+41772752216;gasthaus@roesslitrogen.ch;https://www.roesslisaal.com;[{'@type': 'ImageObject', 'contentUrl': 'https://sgbtpimtsoch.sos-ch-dk-2.exoscale-cdn.com/catalog/b/a/c/2/bac20d20c3292105bc28692b28086a587186b157_DSC_0942.jpg'}];2026-08-31T23:18:40+02:00
b4dbe755-ad8a-4c59-a551-c12592c6ef10;RB Apartments;Gemütliche und zentral gelegene Wohnung in St.Gallen | 5 Min. zum Bahnhof | 10 Min. zur UniSG;<p class="PDq2pG_selectionAnchorContainer" data-start="98" data-end="360">Geniesse einen komfortablen Aufenthalt im Herzen von St.Gallen. Restaurants, Einkaufsm&ouml;glichkeiten, &ouml;ffentliche Verkehrsmittel und das Stadtzentrum sind in nur f&uuml;nf Minuten erreichbar. Ideal f&uuml;r Gesch&auml;ftsreisen, Studierende, St&auml;dtereisen und l&auml;ngere Aufenthalte.</p><p data-start="362" data-end="441">Mara und Adrian freuen sich darauf, G&auml;ste aus aller Welt willkommen zu heissen.</p><p data-start="362" data-end="441">Die Unterkunft</p><p data-start="462" data-end="520">Gem&uuml;tliche Stadtwohnung mit 54 m&sup2; im Herzen von St.Gallen.</p><p data-start="462" data-end="520">Ausstattung</p><ul data-start="539" data-end="731"><li data-section-id="1rsoguy" data-start="539" data-end="587">1 Schlafzimmer mit grossem Bett (180 &times; 220 cm)</li><li data-section-id="xkzv0j" data-start="588" data-end="602">1 Wohnzimmer</li><li data-section-id="1m3xnns" data-start="603" data-end="635">1 Badezimmer mit Dusche und WC</li><li data-section-id="4xd021" data-start="636" data-end="683">1 voll ausgestattete K&uuml;che mit Geschirrsp&uuml;ler</li><li data-section-id="kfxqk5" data-start="684" data-end="703">1 Eingangsbereich</li><li data-section-id="zrzlr" data-start="704" data-end="731">1 kleiner privater Garten</li></ul><p>Weitere Annehmlichkeiten</p><ul data-start="763" data-end="1032"><li data-section-id="1j3unvj" data-start="763" data-end="769">Lift</li><li data-section-id="1qinbmf" data-start="770" data-end="780">M&ouml;bliert</li><li data-section-id="1ckeupe" data-start="781" data-end="799">Kostenloses WLAN</li><li data-section-id="1yxc5wt" data-start="800" data-end="890">Waschmaschine und Trockner stehen im Geb&auml;ude gegen eine zus&auml;tzliche Geb&uuml;hr zur Verf&uuml;gung</li><li data-section-id="1yieugo" data-start="891" data-end="975">&Ouml;ffentliche Parkpl&auml;tze sind gegen Geb&uuml;hr in ca. 10 Gehminuten Entfernung verf&uuml;gbar</li><li data-section-id="kco8nh" data-start="976" data-end="1000">Im Erdgeschoss gelegen</li><li data-section-id="1e0cx95" data-start="1001" data-end="1032">Verdunkelungsrollos vorhanden</li></ul><p>Hervorragende Lage</p><ul data-start="1057" data-end="1455" data-is-last-node="" data-is-only-node=""><li data-section-id="125ohjc" data-start="1057" data-end="1089">5 Minuten bis ins Stadtzentrum</li><li data-section-id="txsbw3" data-start="1090" data-end="1172">5 Minuten zu Superm&auml;rkten, Gesch&auml;ften, Restaurants, Bars und Ausgehm&ouml;glichkeiten</li><li data-section-id="1nkf413" data-start="1173" data-end="1211">5 Minuten zum Hauptbahnhof St.Gallen</li><li data-section-id="1jadz6o" data-start="1212" data-end="1256">10 Minuten zur Universit&auml;t St.Gallen (HSG)</li><li data-section-id="18lhwik" data-start="1257" data-end="1310">15 Minuten mit dem Bus zu den Olma Messen St.Gallen</li><li data-section-id="bzv1rk" data-start="1311" data-end="1405">15 Minuten mit dem Bus zum Kinderspital und Kantonsspital St.Gallen (HOCH Health Ostschweiz)</li><li data-section-id="15ubl1o" data-start="1406" data-end="1455" data-is-last-node="">Sehr gute Anbindung an den &ouml;ffentlichen Verkehr</li></ul>;9.3705279;47.4266824;Winkelriedstrasse 35;9000;St.Gallen;0792147459;a.rentsch@hotmail.com;http://airbnb.com/h/apartment-sg;[{'@type': 'ImageObject', 'contentUrl': 'https://sgbtpimtsoch.sos-ch-dk-2.exoscale-cdn.com/catalog/2/5/3/6/253600a11493152f82bb20a5902644a3babce225_Schlafzimmer___1_.jpg'}];2026-08-04T11:39:47+02:00
b613c74c-f5d0-41a5-a4d1-8680d33a8982;Brugger Ferienhaus Salomonstempel;Gruppenunterkunft mit herrlicher Aussicht ins Alpsteinmassiv;Das Brugger Ferienhaus Salomonstempel befindet sich in südwestlicher Richtung des Dorfes Hemberg auf einer idyllischen Anhöhe (1138 m ü. M.) mit einer prachtvollen Aussicht ins Alpsteinmassiv und ins Unterland. 

Das Haus ist ideal für Ferien- und Schullager, aber auch für Festanlässe, Firmen usw. Es ist mit total 55 Betten ausgestattet, 31 im neuen beheizbaren und 24 im alten Teil des Hauses. Es gibt Zweier-, Dreier- und Viererzimmer und sowie einen separaten Leitertrakt mit Dusche und WC. 

Im Weitern sind eine moderne Hotelküche mit Geschirrspülmaschine vorhanden, eine Dusch- und Waschanlage, ein geräumiger Esssaal, ein Spiel- und Aufenthaltsraum, drei Fussballkästen, Tischtennistische vor und im Hause, Tische und Stühle für die Bestuhlung der Terrasse, ein Gartengrill, eine Spielwiese und anderes mehr.;9.15462;47.28294;Salomonstempelstrasse 12;9633;Hemberg;+41 56 461 76 21;info@salomonstempel-hemberg.ch;http://www.salomonstempel-hemberg.ch;[{'@type': 'ImageObject', 'contentUrl': 'https://sgbtpimtsoch.sos-ch-dk-2.exoscale-cdn.com/catalog/8/3/7/5/83759ce1fd848f709c00fbc2588169ae620b5e10_Salomonstempel__25.5.05_002.jpg'}];2026-03-04T08:31:54+01:00
b629fecf-05bc-48ee-948f-a74b563fc188;Einstein St.Gallen;Stilvoller Komfort, textile Exzellenz und urbane Gastlichkeit im Herzen von St.Gallen.;<p data-start="153" data-end="709">Zentral und doch ruhig gelegen, nur wenige Schritte vom historischen Klosterviertel entfernt, vereint das Hotel Einstein St.Gallen 4* Superior stilvolle Architektur, erstklassige Gastronomie und St.Galler Textilkultur auf h&ouml;chstem Niveau. Die Zimmer und Suiten (darunter auch die <a href="https://www.einstein.ch/de/zimmer/textilland-junior-suite" target="_blank" rel="noopener">Textilland-Junior-Suite</a>) bieten Wohnkomfort mit edelsten Materialien wie Marmor, Kirschbaum und Textilien in h&ouml;chster St.Galler Qualit&auml;t: reine Seidenvorh&auml;nge, Bettw&auml;sche aus feinster Baumwolle, Daunenduvets, hochwertige Matratzen und Teppiche aus Lammwolle oder Parkettboden.</p>
<p data-start="711" data-end="1118">Kulinarisch verw&ouml;hnt das Haus mit dem ausgezeichneten Einstein Gourmet (2 Michelin-Sterne, 18 GaultMillau-Punkte), dem Bistro St.Gallen sowie einer stilvollen Bar mit Cigar Lounge. Entspannung bietet der 3000 m&sup2; grosse Fitnesspark mit Sauna und Wellnessbereich. Als f&uuml;hrendes Kongresshaus der Ostschweiz bietet das Einstein zudem moderne Seminarr&auml;ume und elegante S&auml;le f&uuml;r Anl&auml;sse aller Art.</p>;9.37537;47.4214;Berneggstrasse 2;9000;St.Gallen;+41 71 227 55 55;info@einstein.ch;https://www.einstein.ch/de/;[{'@type': 'ImageObject', 'contentUrl': 'https://sgbtpimtsoch.sos-ch-dk-2.exoscale-cdn.com/catalog/9/c/1/4/9c143a65bc5849a9cf3d8b28cff8d0a74869dcc8_Key_Visual_Einstein_St.Gallen.jpg'}];2026-08-26T11:29:14+02:00
b66547e3-91a8-4a6b-8c50-b3a3d0639ddd;Hotel Krone Speicher;Das 4-Sterne-Hotel Krone Speicher in Appenzell Ausserrhoden bietet moderne Zimmer in einem historischen Gebäude. ;Das Hotel Krone Speicher befindet sich im Herzen von Speicher im Kanton Appenzell Ausserrhoden und bietet den Gästen Komfort und historischen Charme in einem vollständig renovierten Gebäude von 2015.

Moderne, geräumige Zimmer: Alle Zimmer verfügen über einen Sitzbereich, Flachbild-TV, kostenfreies WLAN und einen Safe. Im eigenen Bad finden Sie kostenfreie Pflegeprodukte und Hausschuhe.

Frühstück und Gastronomie: Jeden Morgen wird ein Frühstück im Gasthaus Krone serviert, begleitet von kostenlosen Zeitungen. Das À-la-carte-Restaurant bietet saisonale und regionale Schweizer Küche.

Bequeme Erreichbarkeit: Das Hotel ist leicht mit dem Auto oder den öffentlichen Verkehrsmitteln zu erreichen, bietet kostenfreie Parkplätze und liegt nur 100 m vom Bahnhof entfernt.

Zentrale Lage: Nur 7 km oder 10 Fahrminuten von St. Gallen entfernt und 66 km vom Flughafen Zürich.

Die Gäste erleben hier den perfekten Mix aus modernem Komfort und traditionellem Charme im Hotel Krone Speicher – der ideale Ort im Appenzellerland.;9.441123604774477;47.411913466244265;Hauptrasse 34;9042;Speicher;+41 71 343 67 00;info@krone-speicher.ch;https://www.krone-speicher.ch;[{'@type': 'ImageObject', 'contentUrl': 'https://sgbtpimtsoch.sos-ch-dk-2.exoscale-cdn.com/catalog/e/d/7/5/ed75267c788b76cdd709b43be072c798413e4cee_Bild_3.jpg'}];2026-08-13T10:28:00+02:00
b71671b1-c609-46e5-959a-52b2fec823a0;Tailormade Hotel LEO St.Gallen;Modernes Wohlfühlen mit Komfort an zentraler Lage. 24/7 Self-Check-in und Zimmer mit Kitchenette sind ideal für Geschäftsreisende oder Gäste, die auch einen längeren Aufenthalt planen.;Das Tailormade Hotel LEO St.Gallen wurde vom renommierten Architekten Roger Boltshauser entworfen und liegt direkt am Bahnhof St.Gallen in unmittelbarer Nähe vom Autobahnanschluss. Zeitloses Design mit organischen Materialien wie Lehmziegel und Massivholz prägen das Bild des eleganten Baus direkt neben der Lokremise.

Das japanische Restaurant Izakaya Ekimae im Erdgeschoss bietet traditionelle und kreative Küche zum Teilen.

Auf dem Dach laden eine Dachterrasse sowie ein kleiner Wellnessbereich mit Sauna, Workout Raum und Hot Pot zum Verweilen ein.;9.365029335021974;47.421743137363855;Grünbergstrasse 6;9000;St.Gallen;+41 71 274 09 79;leo@tmh.swiss;https://www.tmh.swiss/leo;[{'@type': 'ImageObject', 'contentUrl': 'https://sgbtpimtsoch.sos-ch-dk-2.exoscale-cdn.com/catalog/4/c/4/8/4c48cd1645a91de8a687381048fa43138c56681f_20230714_TAILORMADE_LEO_FASSADE_010.jpg'}];2026-09-01T14:24:07+02:00
b86fdf67-30f0-4fde-a8ec-f65b7bc3208d;Hotel Arenenberg;Modern logieren in kaiserlicher Nachbarschaft. Der Arenenberg im Thurgau liegt mit seinem Schloss an einem der schönsten und romantischsten Plätze am ganzen Bodensee. Von der Schlossterrasse aus bietet sich ein spektakulärer Blick über die Unterseeregion.;Auf dem Arenenberg fällt es leicht, den Alltag hinter sich zu lassen, bei Seminaren und Tagungen frische Ideen zu entwickeln oder sich einfach zu erholen. Mit seinen hellen und komfortablen Räumen bietet das Hotel Arenenberg Tagungs- und Feriengästen dafür den passenden Rahmen. Es ist nur ein paar Schritte vom Schloss entfernt, in dem Napoleon III. – der letzte Kaiser Frankreichs – einen Teil seiner Kindheit und Jugend verbrachte. Heute befindet sich dort das Napoleonmuseum und zeigt die original eingerichteten Räume, in denen schon die kaiserliche Familie ihre Gäste empfing. Die Tradition des gastlichen Schlossguts wird heute im Hotel Arenenberg fortgeführt. Mit eigener Liegewiese am See ist es zugleich idealer Ausgangpunkt zur Erkundung der herrlichen Region per hoteleigenem E-Bike, mit dem Schiff oder im Regionalzug Thurbo. Rund ums Hotel lockt die weitläufige Arenenberger Gartenwelt zu Walk-and-Talk-Meetings und Spaziergängen sowie perfekt beschilderte Wanderwege auf den geheimnisvollen Thurgauer Seerücken. Dieser bietet immer wieder grossartige Ausblicke – bei klarer Sicht bis zu den Alpen.;9.0598959;47.67215;Arenenberg 1;8268;Salenstein;+41 58 345 80 00;info@arenenberg.ch;https://arenenberg.ch/;[{'@type': 'ImageObject', 'contentUrl': 'https://sgbtpimtsoch.sos-ch-dk-2.exoscale-cdn.com/catalog/d/4/a/e/d4ae6b019964c1c3447c3c7b7c95a846cbc35db7_Arenenberg_Luftbild.jpg'}];2026-05-14T03:08:54+02:00
c04d6b55-75c8-4d6a-bcce-c878e3248fa6;Dorfhus Gupf;Das Dorfhus Gupf in Rehetobel überzeugt mit Schweizer Gastlichkeit, hochwertiger Kulinarik und dörflicher Identität.;Ein Hotelbetrieb, Gaststuben, verschiedene Sitzungszimmer und das „Dorfhus-Lädeli“ gehören ebenso dazu, wie der Festsaal mit seiner bestickten Decke – ein Kunstwerk der Walter Sonderegger AG. Mit ihrem fundierten Wissen entstand eine feinsinnige Kostbarkeit, die zugleich für eine optimale Akustik sorgt. Weitere Textilien, wie Vorhänge, wurden von Bischoff Interior AG aus St. Gallen bezogen. Selbstverständlich waren auch noch weitere „Künstler“ am Werk.
Die Zusammenarbeit mit regionalen Produzenten und Bauern wird grossgeschrieben. Das Dorfhus Gupf vereint Menschen mit gutem Geschmack und gastrosophischem Anspruch.;9.482466;47.426737;Kirchstrasse 2;9038;Rehetobel;+41 71 878 70 00;info@dorfhus-gupf.ch;https://dorfhus-gupf.ch/;[{'@type': 'ImageObject', 'contentUrl': 'https://sgbtpimtsoch.sos-ch-dk-2.exoscale-cdn.com/catalog/8/e/2/3/8e233eed0ea70923ec4381b317a2d50edd847776_rehetobel_dorfhus_gupf.jpg'}];2026-03-04T08:33:36+01:00
c39bdccb-7fee-49be-9dd9-7834fda008b4;Restaurant Blume GmbH;Das Restaurant Blume bietet eine frische und regionale Küche und auch fünf gemütliche Zimmer an.;<p>Willkommen in der Hotel Blume. Das Hotel liegt in St.Gallen und bietet 5 Einzel- und 1 Doppelzimmer, sowie eine Terrasse mit Gartenblick.&nbsp;</p><p>WLAN sowie die Privatparkpl&auml;tze bei der Unterkunft nutzen die G&auml;ste kostenfrei.&nbsp;</p><p><span class="cm-widget-catalog-label">Ausstattung: </span>Bett, Schrank, Sofa-Stuhl mit Tisch, Lavabo, Flachbild-Sat-TV. Gemeinschaftsdusche und -WC befinden sich auf dem Gang.</p><p>In der Unterkunft steht auch eine Gep&auml;ckaufbewahrung zur Verf&uuml;gung.</p><p>Die Olma Messen St.Gallen sind in 1,2 km und die Stiftsbibliothek St.Gallen in 2,4 km erreichbar. Der Flughafen Z&uuml;rich liegt 63 km und der Flughafen St.Gallen-Altenrhein liegt 19 km vom Hotel entfernt.</p><p>Gesch&auml;ftsreisende sch&auml;tzen die Lage des Hotels ganz besonders.</p><p>Im Restaurant Blume geniessen G&auml;ste eine saisonale, regionale und frische K&uuml;che mit einheimischen Spezialit&auml;ten und Zutaten aus der Region.</p>;9.4019687;47.435573;Brauerstrasse 27;9000;St. Gallen;+41 712451910;Info@restaurant-blume-sg.ch;https://www.restauant-blume-sg.ch;[{'@type': 'ImageObject', 'contentUrl': 'https://sgbtpimtsoch.sos-ch-dk-2.exoscale-cdn.com/catalog/0/f/4/e/0f4e0cf6537aa42178d48e5cc2df622bdfd29015_Blume_1978s.jpg'}];2026-08-31T14:33:20+02:00
c5f35d0d-81a4-448d-a570-257eccf23da0;Gästehaus Leimathof;Gemütlich übernachten nahe der Universität St.Gallen.;Das Gästehaus Leimathof ist zentral und sehr ruhig gelegen: Messegelände, Casino, Universität und Stadtzentrum sind zu Fuss in wenigen Minuten erreichbar. 

Nebst einer speziell eingerichteten Attika Wohnung bieten wir auch verschiedene Standard Wohnungen möbiliert zur Miete an. Eine davon tage- oder wochenweise, die anderen mind. für 3 Monate.

Standard Wohnung
Beinhaltend 3 Schlafzimmer, 1 Wohn-/Esszimmer, Badezimmer mit Dusche/WC, komplett ausgestattete Küche, WiFi, TV, Waschmaschinen- und Trockenraumbenützung.

Attika Wohnung
Beinhaltend 2 Schlazimmer, Wohnzimmer, komplett ausgestattete Küche mit separatem Esszimmer, WiFi, TV, Waschmaschinen- und Trockenraumbenützung.;9.38063;47.43324;Leimatstrasse 32;9000;St. Gallen;+41796007675;info@leimathof.ch;http://www.leimathof.ch/;[{'@type': 'ImageObject', 'contentUrl': 'https://sgbtpimtsoch.sos-ch-dk-2.exoscale-cdn.com/catalog/6/0/b/7/60b7f2e3bcbe9697428f872ea7e583b0298ebce0_BAM_20200603_BnB_Leimathof_485.jpg'}];2026-03-04T08:31:56+01:00
c6dabb98-9c5f-443e-82b4-f1ff7e90e773;Visimo Apartments - Deluxe Suite;Stilvolle 2.5-Zimmer Wohnungen im Zentrum von St.Gallen;In der stilvoll eingerichteten 55-Quadratmeter Ferienwohnung  im Zentrum von St.Gallen geniessen die Gäste einen einzigartigen Urlaub in der schönen Ostschweiz unweit des Bodensees. Die Wohnung bietet für maximal vier Personen Platz. Dank der hervorragenden Lage in der Nähe des Klosters ist die historische Altstadt in wenigen Gehminuten erreichbar.

INNENEINRICHTUNG
Im Inneren der Suite erwartet die Gäste ein eleganter Mix aus modernem Design und elegantem Holzmobiliar. Das geräumige Schlafzimmer mit dem Kingsize-Boxspringbett (180 x 200 cm) verspricht eine erholsame Nachtruhe. Im gemütlichen und ansprechend gestalteten Wohnzimmer sorgt die bequeme Sofalandschaft mit integriertem Schlafsofa mit Lattenrost (140 x 200 cm) für einen guten Schlaf für zwei weitere Personen. Das Wohn- und Schlafzimmer sind jeweils mit einem grossen Smart-TV mit kostenlosem Netflix und Sunrise TV-Abo ausgestattet. Die Wohnung verfügt über kostenloses WLAN. 
 
SPEISEBEREICH/BAD
Das exklusive Holzdesign der Suite setzt sich auch im Essbereich fort, in dem sich ein gemütlicher Esstisch befindet, der zu geselligen Abendessen mit Freunden anregt. In der komplett ausgestatteten Küche mit Herd, Geschirrspüler, Kühlschrank, Gefrierschrank, Kaffeemaschine, Tellern, Gläsern und Besteck dürfen die Gäste nach Belieben ihre kulinarischen Wünsche verwirklichen. Das helle und saubere Badezimmer verfügt über einen grossen Duschbereich, eine Waschmaschine sowie einen Trockner. Handseife, Duschgel, Shampoo und frische Handtücher stehen bereit. 

ZENTRALE LAGE
Die großartige Lage der Ferienwohnung bietet neben kurzen Wegen zu den Sehenswürdigkeiten, Geschäften und Restaurants auch eine direkte Anbindung an das Bus- und Bahnnetz der Region. So kommen die Gäste  auch ohne Auto immer sicher und bequem ans Ziel.

Auch die vierbeinigen Gäste sind gerne willkommen.;9.3703313;47.4187409;Felsenstrasse 99;9000;St. Gallen;+41 76 385 00 77;info@visimo-apartments.ch;https://www.visimo-apartments.ch/apartments-st-gallen/;[{'@type': 'ImageObject', 'contentUrl': 'https://sgbtpimtsoch.sos-ch-dk-2.exoscale-cdn.com/catalog/d/e/b/0/deb07beb41c24ce2519e3dfa4e38cc694020966e_317A9038_Edit.jpg'}];2026-06-04T13:14:13+02:00
c7e0f992-435a-4bf7-aeed-43a0101e7474;Boardinghouse St.Gallen;So einfach war wohnen noch nie! Für jeden Anspruch das perfekte Zuhause.;Hier fühlen sich die Gäste – für eine längere oder auch für kurze Zeit – im urbanen St.Gallen so richtig zuhause. 

Das Boardinghouse bietet für mehrere Monate, für eine ganze Woche oder auch nur für 1-2 Tage ein perfektes Zuhause in einem stilvollen Neubau an bester Lage. Die historische Altstadt, Naherholungsgebiete, kulturelle und sportliche Angebote - aber auch Einkaufsmöglichkeiten - sind in wenigen Minuten zu Fuss oder mit dem ÖV erreichbar. Café, Bäckerei, Take-Away und Private Spa befinden sich sogar direkt im Haus. 

Die Wohnoasen bieten : 

• persönlicher Empfang
• moderne, komfortabel möblierte und vollkommen ausgestattete
1 bis 2.5 Zimmer Studios und Wohnungen mit Kochnische und
Balkon / Lodge
• individuelle, variable Preise je nach Verweildauer (ab 1 Nacht möglich)
• sämtliche Nebenkosten & Dienstleistungen im Preis inbegriffen:
• WLAN / TV / Strom & Wasser
• Bett- und Frottierwäsche
• mindestens wöchentliche Reinigung / Endreinigung
• Tiefgaragenplatz mit Auflade-Station zusätzlich mietbar
• bei langer Verweildauer durchschnittlicher Wohnungspreis ab CHF 1280 pro Monat
(all inclusive)
• SPEZIELL: Absolut keine Kündigungsfrist;9.3551975;47.4200777;Metallstrasse 16;9000;St. Gallen;+41 71 260 20 20;info@boardinghouse.ch;https://www.boardinghouse.ch;[{'@type': 'ImageObject', 'contentUrl': 'https://sgbtpimtsoch.sos-ch-dk-2.exoscale-cdn.com/catalog/0/7/d/0/07d04f7674a89a414cc8b1bb4be74c8f24ebec8e_KSP_6038.jpg'}];2026-03-04T08:31:56+01:00
c9ae4405-18bd-483b-b1f5-62556ceef81c;Säntis – das Hotel;Erholung am Fusse des Säntis – das Hotel Schwägalp vereint Natur, Komfort und Genuss in einer der schönsten Bergkulissen Europas.;Das Hotel ist der ideale Ausgangspunkt für viele Freizeitaktivitäten wie Wandern, Velotouren oder auch gemütliche Spaziergänge in der Natur.

Erholung finden die Gäste im Wellnessbereich mit Sauna, Bio-Sauna, Dampfbad, Erlebnisdusche und einem Ruheraum mit Blick in die Natur. Dass dabei der kulinarische Aspekt nicht zu kurz kommt, versteht sich von selbst: Im Restaurant mit der wunderbaren Sonnenterrasse werden typische Gerichte serviert. 

Auf drei Etagen laden 68 komfortabel ausgestattete Zimmer und Junior-Suiten zu einer erholsamen Nacht ein. Der erste Blick am Morgen gilt dem steil aufragenden Säntis oder dem verträumten Weidwald. Und wer weiss, vielleicht gibt es sogar einen Steinbock zu entdecken.;9.3183242;47.2564945;Schwägalpstrasse 790;9107;Schwägalp-Säntis;+41 71 365 66 00;hotel@saentisbahn.ch;https://saentisbahn.ch/uebernachten/das-hotel/;[{'@type': 'ImageObject', 'contentUrl': 'https://sgbtpimtsoch.sos-ch-dk-2.exoscale-cdn.com/catalog/3/a/0/e/3a0ed14db74435ba278f65bf619c1a504ea68327_20170626_SAENTIS_DAS_HOTEL_DER_BERG_802_min_2_.jpg'}];2026-05-07T18:49:18+02:00
d075f8ec-0dd1-4086-8a27-21605493711c;Esmeraldas Altbauwohnung mitten in der Stadt mit Terrasse;Charmante Altbauwohnung mit viel Charakter im Herzen von St. Gallen. Helle Räume, gemütlicher Schlafbereich, offene Galerie und stilvolle Einrichtung. Mit Terrasse zur Mitbenutzung – perfekt für entspannte Tage in zentraler Lage.;Charmante Altbauwohnung an bester Lage mitten in der historischen Altstadt von St. Gallen. Nur wenige Schritte vom berühmten Textilmuseum («Palazzo Rosso») entfernt, umgeben von Cafés, Boutiquen und kulturellen Highlights. Die Drei Weieren – ein wunderschönes Naherholungsgebiet mit Aussicht über die Stadt – sind ebenfalls schnell erreichbar.

Die Wohnung überzeugt mit ihrem einzigartigen Charakter: warme Holzböden, offene Galerie und ein gemütliches, stilvolles Ambiente. Drei Schlafmöglichkeiten (1×180 cm, 2×160 cm) bieten Platz für Paare, Familien oder kleine Gruppen.

Ausgestattet mit WLAN, Küche mit Mikrowelle und Bialetti für den perfekten Kaffee. Die teils überdachte Terrasse zur Mitbenutzung lädt zum Verweilen ein – ein ruhiger Rückzugsort mitten im lebendigen Stadtzentrum.

Als besonderes Extra: Nur wenige Schritte entfernt befindet sich die MachBar – ein kreativer Ort für kleine künstlerische Tätigkeiten, Austausch und Inspiration.

Familienfreundlich: Babybett auf Anfrage sowie kleine Spielsachen und Hochstuhl vorhanden.;9.3750666;47.4269514;Metzgergasse 21;9000;St. Gallen;+41 76 522 8133;sarah.boeni@icloud.com;http://esmeralda.book.dibooq.com/;[{'@type': 'ImageObject', 'contentUrl': 'https://sgbtpimtsoch.sos-ch-dk-2.exoscale-cdn.com/catalog/7/1/d/0/71d033d5d8af2592a32c7f3acb1aa541317a58ee_IMG_5370.jpeg'}];2026-04-14T14:33:13+02:00
d944e7a2-672c-4f18-8055-4c9c32b7dfef;B&B Laui Ennetbühl;Ferien im Herzen des Toggenburgs mit Blick auf Säntis, Stockberg und Speer.;<p>Das ruhig gelegene Haus wurde um 1869 erbaut, brannte aber in den 1970er Jahren teilweise ab und wurde wieder aufgebaut. Es liegt etwas ausserhalb des Dorfes Richtung Rietbad mit Sicht auf S&auml;ntis, Stockberg und Speer. Das gem&uuml;tlich eingerichtete B&amp;B verf&uuml;gt &uuml;ber zwei grossz&uuml;gige Doppelzimmer und ein Einzelzimmer mit separatem Bad und WC. Wunderbarer Ausgangspunkt f&uuml;r Wanderungen, Skiwanderungen und Langlauf.</p>;9.22271079999996;47.2445859;Lauistrasse 782;9651;Ennetbühl;+41 76 369 00 09;welcome@laui-ennetbuehl.ch;http://www.laui-ennetbuehl.ch/;[{'@type': 'ImageObject', 'contentUrl': 'https://sgbtpimtsoch.sos-ch-dk-2.exoscale-cdn.com/catalog/6/c/9/5/6c95eccc8cd5b1a431822e5a8de63dce45232d34_Laui_190_Bild_Chris_Iseli___Sandra_Ardizzone__3.jpg'}];2026-03-04T08:32:00+01:00
dc443377-9d7a-47cd-907d-515676dee60b;Gasthaus Rössli Brülisau;Ob alleine, zu zweit, in der Gruppe oder mit der Familie - das Gasthaus Rössli bietet passende Lösungen für alle Bedürfnisse.;<p>Die sieben Doppelzimmer sind einfach, sowie gem&uuml;tlich eingerichtet und verf&uuml;gen &uuml;ber Dusche, WC, TV und WLAN. Zus&auml;tzlich gibt es auch zwei Familienzimmer mit eigenem Bad, TV und WLAN, und zwei kleine 4er Lager mit eigenem Bad und WLAN.</p>
<p>Im Restaurant wird Feines und Regionales aus und rund um Appenzell angeboten. Br&uuml;lisau ist der perfekte Ausgangsort f&uuml;r sch&ouml;ne Wanderungen im Alpstein. Ab drei &Uuml;bernachtungen profitieren die G&auml;ste von der Appenzeller Ferienkarte.</p>;9.4550464462937;47.29775495;Dorf 2;9058;Brülisau;+41 71 799 11 04;gasthaus@roessli-bruelisau.ch;https://roessli-bruelisau.ch/;[{'@type': 'ImageObject', 'contentUrl': 'https://sgbtpimtsoch.sos-ch-dk-2.exoscale-cdn.com/catalog/4/6/a/e/46ae055a78848e17bd0dc6a18032cabaa9d03a00_Gasthaus_Roessli_03_Aussen.jpg'}];2026-08-27T04:38:15+02:00
dda39d47-49c8-441f-b95e-882e7130c683;Hotel Garni Rössli Wittenbach;Traditionsreiches kleines Hotel mit Frühstück an perfekter Lage zwischen Bodensee und der Altstadt St.Gallen;Perfekt gelegen auf der Durchreise zwischen Bodensee und der historischen Altstadt St.Gallen liegt das Rössli. Mitten durch die Natur führt der Radweg zum traditionellen Haus wo früher die „Rösslipost“ halt machte. Für Anreisende mit dem Auto, sind kostenlose Parkmöglichkeiten vorhanden.  Heute wird das Rössli als kleines herzliches Hotel Garni (nur Frühstück) betrieben. 
  
Das Team vom Rössli freut sich, die Gäste Willkommen zu heissen. Eine 
moderne Ladestation für E-Bikes sowie eine abschliessbare Velogarage mit kleiner Werkstatt (Velo-Werkzeug, Kompressor,...) inkl. Möglichkeit, Schuhe und Veloausrüstung aufzubewahren wie auch die Möglichkeit das Fahrrad zu reinigen, stehen zur Verfügung.

17 Einzel-, Doppel- Studio- und Familienzimmer  stehen für grosse und kleine Gäste bereit.  Nach einem erholsamen Schlaf bietet ein reichhaltiges Frühstücksbuffet viele regionale Produkte an.;9.393249;47.45936;Romanshornerstrasse 10;9300;Wittenbach;+41 71 298 40 30;info@hotelroessliwittenbach.ch;http://www.hotelroessliwittenbach.ch/;[{'@type': 'ImageObject', 'contentUrl': 'https://sgbtpimtsoch.sos-ch-dk-2.exoscale-cdn.com/catalog/b/a/e/0/bae062372df05ba38d06b15b469f2681b2c9c288_ROESSLI_juni23_RUPA_048_low.jpg'}];2026-05-27T11:54:45+02:00
de7239eb-e95a-4af6-9f97-d924bbfbeca9;Hotel von Rotz;Stilvolles Self-Check-in Hotel nahe Autobahnanschluss Wil: 85 moderne, lichtdurchflutete Zimmer mit Balkon und grosszügigem Arbeitsplatz, inklusive Frühstück, Parkplatz, WLAN und Fitnessraum – ideal für Business- und Freizeitgäste.;<p class="my-2 [&amp;+p]:mt-4 [&amp;_strong:has(+br)]:inline-block [&amp;_strong:has(+br)]:pb-2">Im Self-Check-in Hotel von Rotz in Bronschhofen geniessen die G&auml;ste stilvollen Komfort mit maximaler Flexibilit&auml;t &ndash; ob f&uuml;r eine Nacht, ein Wochenende oder einen l&auml;ngeren Aufenthalt. 85 moderne, lichtdurchflutete Zimmer und Apartments &ndash; von Standard-Doppel- und Familienzimmern &uuml;ber Auto-Themen-Zimmer und Junior Suiten bis hin zu Langzeit-Apartments mit K&uuml;che &ndash; bieten Business- wie Freizeitreisenden den perfekten Rahmen f&uuml;r ihren Aufenthalt.<span class="inline-flex" data-state="closed">​</span></p><p class="my-2 [&amp;+p]:mt-4 [&amp;_strong:has(+br)]:inline-block [&amp;_strong:has(+br)]:pb-2">Alle Zimmer verf&uuml;gen &uuml;ber Balkon, grossz&uuml;gigen Arbeitsplatz, kostenloses WLAN und Klimaanlage. Inbegriffen sind das Geniesser-Fr&uuml;hst&uuml;ck im Casual Fine Dining Restaurant Cabrio, Aussenparkpl&auml;tze, die Nutzung des Panorama-Fitnessraums, des Arbeitsraums sowie der Sonnenterrasse f&uuml;r erholsame Auszeiten.<span class="inline-flex" data-state="closed">​</span></p><p class="my-2 [&amp;+p]:mt-4 [&amp;_strong:has(+br)]:inline-block [&amp;_strong:has(+br)]:pb-2">Zus&auml;tzlich steht ein exklusiver Private Spa im Haus f&uuml;r individuell buchbare Wellnessmomente zur Verf&uuml;gung, w&auml;hrend der 24h-Self-Check-in eine entspannte, zeitunabh&auml;ngige An- und Abreise erm&ouml;glicht. Die besondere Verbindung zur Autowelt von Rotz, die Autosuiten und der hauseigene Heliport machen das Hotel zu einer aussergew&ouml;hnlichen Adresse.</p>;9.0281638;47.4680205;Industriestrasse 29;9552;Bronschhofen;+41 71 913 30 70;hotel@vonrotz.ch;http://www.hotel-vonrotz.ch/;[{'@type': 'ImageObject', 'contentUrl': 'https://sgbtpimtsoch.sos-ch-dk-2.exoscale-cdn.com/catalog/a/4/a/9/a4a9ecf7703cbc6bad856498581dab0034b8650f_VonRotz_CF177648_67.jpg'}];2026-08-07T21:16:51+02:00
e22f076a-10a9-4a26-ad73-c9f5cc4cfc1b;Macardo Premium B&B;Zuhause ist ein besonderer Ort, doch das Premium B&B von Macardo steht diesem in nichts nach!;Mit den 10 gemütlichen Zimmern und zwei grosszügigen Apartments bietet Macardo Premium B&B nicht nur Komfort, sondern auch einen atemberaubenden Ausblick auf den Alpstein und den Säntis – und das aus jedem einzelnen Zimmer. Der Tag beginnt mit einem köstlichen und reichhaltigen Frühstück, das sorgfältig aus lokalen Delikatessen zusammengestellt wird. Im Macardo Bed & Breakfast wird das Heimweh nicht aufkeimen, doch die Sehnsucht nach dem Haus wird die Gäste sicher wieder hierher führen!
Und wer mit dem Hund reist - ist auch herzlich Willkommen. 
Check-in von 14:00 bis 24:00;9.035178402040664;47.5617022;Frauenfelderstr. 21;8514;Amlikon;+41 716526000;bnb@welt.welt.macardo.ch;https://www.macardo.ch/macardo-premium-bed-breakfast/;[{'@type': 'ImageObject', 'contentUrl': 'https://sgbtpimtsoch.sos-ch-dk-2.exoscale-cdn.com/catalog/6/f/4/c/6f4cbd7fe7bc8d00bc8d3b0d39514fc6ea5c8252_Macardo_Location_DJI_0224__2.jpeg'}];2026-03-04T08:32:01+01:00
e29ef543-891c-4668-ba62-21c58ebe10de;Sonnenberg Health Hotel ;Das ehemalige «Kurhaus» liegt im erhöhten Schwellbrunn, dem schönsten Dorf in der Schweiz (2017) und bietet einen atemberaubenden Blick über die Berge.;Das Paradies fürs Wohlbefinden: Umgeben von einem atemberaubenden Bergpanorama liegt das Sonnenberg Health Hotel im erhöhten Schwellbrunn auf 972 m ü. M., welches 2017 nicht ohne Grund zum schönsten Dorf der Schweiz gekürt wurde. 

Mit seiner hellgelben Fassade, den romantischen Balkonen und dem Kräuterduft aus dem Café kommt im Sonnenberg Health Hotel gewiss Ferien-Feeling auf. 

Nur die üppige Pizza, die sucht man hier vergebens. Aus gutem Grund. Das Sonnenberg Health Hotel ist kein Hotel, in dem es ums Schlemmen geht. Ganz im Gegenteil, hier bekommen Körper und Geist einen Energy-Booster und einen gesunden Neustart.

Das Besondere an dieser Institution ist, dass sie Hotel, Restaurant und Behandlungen in einem bietet. An keinem Ort lässt es sich gesünder leben. Entgiftung, Ernährung, Verdauung und nachhaltige Kräftigung des Immunsystems – hier bekommt man das volle Programm.

Insgesamt gibt es 3 Arztpraxen, ein Hotel mit 16 Zimmern und ein veganes Restaurant. Alle Leckerbissen werden rein pflanzlich und wo immer möglich in Bio-Qualität angeboten, frisch vor Ort gekocht mit besten Zutaten.
;9.249497676988582;47.3530963953513;Sonnenberg 16;9103;Schwellbrunn;+41 71 353 36 00;urs.roelli@biomed-sonnenberg.com;https://sonnenberg-schwellbrunn.com;[{'@type': 'ImageObject', 'contentUrl': 'https://sgbtpimtsoch.sos-ch-dk-2.exoscale-cdn.com/catalog/e/6/f/1/e6f1c02ccf23bd38effd746bb6d4f2d8b8b7c8f9_k_01_Aussensicht.jpg'}];2026-03-04T08:32:01+01:00
e790b2f1-52ba-4b73-88ac-7f70df84cc60;Radisson Blu Hotel St.Gallen;4* Superior Hotel im Vier-Länder-Eck mit Rooftop Bar.;Das Radisson Blu Hotel, St.Gallen liegt zentral, gleich neben dem Olma Messegelände und nur wenige Gehminuten von der Altstadt entfernt. Bei der Einrichtung der 123 Gästezimmer wurde grossen Wert auf Stil und Komfort gelegt. Die Räume sind hell und strahlen eine einladende Wohlfühlatmosphäre aus. Neben modernen Standard- und Business Class Zimmern stehen auch zwölf geräumige Junior Suiten und drei Penthouse Suiten mit fantastischem Blick über das historische St.Gallen und das Appenzellerland zur Auswahl.  

Das Hotel besticht mit acht topmodernen Seminarräumen aus frischen, hochwertigen Materialien. Jeder Raum verfügt über natürliches Tageslicht und ist mit Standardtechnik ausgestattet.;9.3804123;47.4310891;Sankt Jakob-Strasse 55;9000;St.Gallen;+41 71 242 12 12;info.stgallen@radissonblu.com;https://www.radissonhotels.com/de-de/hotels/radisson-blu-st-gallen;[{'@type': 'ImageObject', 'contentUrl': 'https://sgbtpimtsoch.sos-ch-dk-2.exoscale-cdn.com/catalog/c/4/2/1/c421000d99a6d94148aa05ed372ba32724590513_20241128_Radisson_Aussenansicht.jpg'}];2026-07-09T08:52:25+02:00
f53fecef-98dc-47b7-8155-eefde178b57d;Tailormade Hotel METROPOL St.Gallen;Direkt am Bahnhof St.Gallen begrüsst Sie das frisch renovierte Tailormade Hotel METROPOL mit modernem Design und urbanem Flair. Die zentrale Lage macht das Hotel zum idealen Ausgangspunkt, um die Stadt und ihre Sehenswürdigkeiten zu entdecken.;<p>Das frisch renovierte Tailormade Hotel METROPOL heisst seine G&auml;ste mit urbanem Flair, modernem Design und einer angenehmen Wohlf&uuml;hlatmosph&auml;re willkommen. Die stilvollen Doppelzimmer und die grossz&uuml;gigen Deluxe Zimmer bieten ausreichend Platz zum Arbeiten oder Entspannen. Die neu gestalteten Einzelzimmer &uuml;berzeugen mit einer funktionalen Ausstattung f&uuml;r Alleinreisende.</p><p>&nbsp;Die zentrale Lage macht das Hotel zum idealen Ausgangspunkt, um St.Gallen und die Region zu erkunden: Einkaufsm&ouml;glichkeiten, Restaurants und die historische Altstadt sind bequem zu Fuss erreichbar. Dank der nahegelegenen Parkh&auml;user ist auch die Anreise mit dem Auto unkompliziert und komfortabel &ndash; ideal f&uuml;r G&auml;ste, die flexibel unterwegs sind.</p><p>Morgens starten Sie mit dem reichhaltigen Fr&uuml;hst&uuml;cksbuffet genussvoll in den Tag. Freuen Sie sich auf erstklassigen Kaffee, frische regionale Produkte sowie eine abwechslungsreiche Auswahl an s&uuml;ssen und herzhaften K&ouml;stlichkeiten.</p>;9.370606700000051;47.42297989999999;Bahnhofplatz 3;9001;St. Gallen;+41 71 228 32 32;metropol@tmh.swiss;https://www.tmh.swiss/metropol/;[{'@type': 'ImageObject', 'contentUrl': 'https://sgbtpimtsoch.sos-ch-dk-2.exoscale-cdn.com/catalog/d/c/1/8/dc18a11ef5ca12fb1397e73b4c2fca49c5404bf4_TMH_METROPOL_Deluxe_King_03.jpg'}];2026-09-04T14:54:08+02:00
f56c4f2b-8140-4f7d-8e24-bd6799f91d77;Revier Hotel Säntispark St.Gallen;In Deinem Revier fühlst Du Dich instinktiv wohl.;<p>Nach dem umfassenden Umbau pr&auml;sentiert sich das Revier Hotel S&auml;ntispark mit einem aussergew&ouml;hnlichen Lifestyle-Konzept und zahlreichen Highlights wie dem neuen <a href="https://saentispark.revierhotels.com/de/gastronomie" target="_blank" rel="noopener">Restaurant Roots</a>, der trendigen <a href="https://saentispark.revierhotels.com/de/restaurant-roots/the-fox-house-bar" target="_blank" rel="noopener">Fox House Bar</a> oder der grossz&uuml;gigen Lobby mit Working-Spaces. Die Smart Studios f&uuml;r l&auml;ngere Aufenthalte, der Secret Garden f&uuml;r Ap&eacute;ros oder Gastronomie-Events sowie der liebevoll gestaltete Kids-Club bieten eine topmoderne Infrastruktur f&uuml;r Familien, Seminar- und Gesch&auml;ftsreisende.</p>;9.3142241;47.4174926;Wiesenbachstrasse 5;9030;Abtwil SG;+41 71 313 11 11;hello@revierhotels.com;https://saentispark.revierhotels.com/de/;[{'@type': 'ImageObject', 'contentUrl': 'https://sgbtpimtsoch.sos-ch-dk-2.exoscale-cdn.com/catalog/e/4/b/5/e4b5632f5cc432c76c66b0d59d163a0fa6fc0465_RevierS__ntisparkOpening_041.jpg'}];2026-04-28T10:49:51+02:00
f6942904-68f4-4786-811b-17522e43a147;Kinderdorf Pestalozzi;Entdecken Sie das Kinderdorf Pestalozzi und seine spannenden Spielträume.;Entdecken Sie das historische Kinderdorf Pestalozzi, wo sich Geschichte und Gegenwart auf faszinierende Weise begegnen. Starten Sie das Erlebnis mit einer interaktiven Ausstellung, die Sie zu den Ursprüngen der ZEWO-zertifizierten Stiftung zurückführt. Verfolgen Sie die Entwicklung des Kinderdorfs von seiner Gründungsidee nach dem Zweiten Weltkrieg bis zur renommierten NGO von heute.

Die Erlebniswelt im Kinderdorf Pestalozzi bietet für Gross und Klein viel Platz für Kreativität, spielerisches Lernen und Erholung. Die Welt setzt sich zusammen aus 10 spannenden und zugleich lehrreichen Spielmöglichkeiten und Rückzugsorten, die als Gruppe erkundet werden können. Auch für Eltern und Begleitpersonen sorgen unsere Spielträume für Unterhaltung und interessante Erkenntnisse. Das Kinderdorf Wimmelbild führt Entdecker*innen durch das Erlebnisdorf und vermittelt spannende Fakten über Kinderrechte, während die Riesenkugelbahn, der Balancierpfad oder die Spinnerei (Kletternetz) die Geschicklichkeit testen.

Falls Sie noch etwas Hunger oder Durst verspüren sollten, bietet die Cafeteria eine Auswahl an erfrischenden Getränken und Snacks. Das Kinderdorf Pestalozzi verfügt über Einzel- und Mehrbettzimmer und heisst Einzelpersonen, Familien und Gruppen gerne willkommen. 

Die Erlebniswelt liegt hoch über dem Bodensee, umgeben von den sanften Hügeln des Appenzellerlands. Es befindet sich nur 20 Minuten von St. Gallen entfernt – abseits jeglicher Hektik, in grüner Natur und bequem mit der Appenzeller Bahn erreichbar.

;9.460072924285642;47.40328374382611;Kinderdorfstrasse 20;9043;Trogen;+41 71 343 73 73;guest@pestalozzi.ch;https://www.pestalozzi.ch/de/erlebnis;[{'@type': 'ImageObject', 'contentUrl': 'https://sgbtpimtsoch.sos-ch-dk-2.exoscale-cdn.com/catalog/9/0/1/2/901243e41d6dda435b37a58b4435307b468e1eaf_Spieltr__ume___Juli_2023__5_.jpg'}];2026-04-15T15:43:37+02:00
